0.0942786066	0.094271714	0.0942602268	0.0942441455	0.0942234708	1.7193271730000002	-1.702635846	-1.8545770769999999	-0.5004185647	-1.470384769	-0.06426167576	2.6031347240000002	0.04193914878	0.5736148791	0.051248097080000006	0.7721738923	-1.9318670690000002	2.136212171	-1.065995347	-0.2057284559	-0.12796041130000002	0.80078509	1.635299349	-0.045244016289999994	-0.7592177588	1.247355026	0.02804580215	11526.68465459118	9315.471106493642
0.0942602268	0.0941982038	0.0940948623	0.0939502478	0.0937644235	1.569534624	-2.063961984	-1.06059496	-1.179168298	-1.6230645540000002	-2.076567024	2.068283973	-0.8196404559	-2.013571853	-1.377874616	0.4655711328	-1.5087648969999998	1.2964169890000001	-0.7821889308	-1.141469226	-0.7263710301999999	1.331188742	0.6928504731	1.329301056	-1.438179469	0.4497775516	-0.1445341296	11414.099952844072	9307.73015839374
0.0942234708	0.0940512406	0.0937644235	0.0933633689	0.0928485654	1.771052152	-2.046087854	-1.525186507	-1.545129772	-0.731940908	-1.240649364	1.3673791469999999	-0.6279784852	-0.3931943173	-1.126136662	0.05174251826	-2.512006972	1.3248264029999999	-0.592421271	-0.4650923584	-0.03642620986	1.7878467059999998	0.02937698336	0.6595839786	0.15022773949999998	-0.1760459082	-0.1274967577	11354.051341435681	9302.495384884962
0.0941683457	0.0938309391	0.09326949	0.092485339	0.0914803584	1.639990854	-1.486008529	-1.790270244	-0.4473199576	-1.4842638819999998	-2.085916662	2.630819457	-1.014992868	-2.102115794	-1.154785083	0.037025929689999994	-2.603315217	0.6558844315	-1.17638031	-1.075314253	-1.497802424	1.936178432	0.3388790382	2.026295262	-1.024290473	0.1812390156	0.1387375335	11383.081303844714	9321.714929472586
0.0940948623	0.0935374711	0.0926109301	0.0913188962	0.0896664683	1.599468775	-1.434175721	-2.012390871	-1.243970462	0.6732553077	-1.421713082	3.7381006539999997	-1.4575559280000001	-0.5942979734	1.157057614	-0.6197974815999999	-3.173430672	-0.2898511854	-1.330750806	0.4474760718	-0.1292938358	1.087600147	1.823128712	1.280537865	-0.44379559939999996	-0.27960621010000003	0.2231524501	11377.871487050515	9313.3289950505
0.094003035	0.0931710653	0.0917898992	0.089867678	0.0874157321	1.512584015	-0.671862513	-1.900214989	-0.9230311429000001	-0.6590097226	-1.056996833	2.88185776	-2.5074015259999998	-2.042818084	1.4017777059999998	-0.1068029	-2.946795615	-0.4952197403	-1.3758933999999998	-0.982535673	0.6114375331	-0.9225272286	-0.7199084384000001	0.75764841	-0.8892777000000001	-0.3009856926	0.3792526332	11370.870505136987	9317.162173093206
0.0938928815	0.0927320076	0.0908078376	0.08813621	0.08473911529999999	2.195583911	-0.832048275	-2.174766314	-0.5339536219	0.8055521943999999	-0.4460178458	1.739419805	-1.067314679	-1.1047330709999998	0.5925267221	0.1744781174	-3.203466674	-0.07291540343	-1.243520497	-0.32499365539999997	-1.6670062380000001	-0.02777000151	-1.4653891330000002	0.4150042995	-0.003195489499	-1.53566868	2.120585122	11386.685072640195	9305.116679104316
0.0937644235	0.0922206402	0.0896664683	0.0861298917	0.0816496581	2.089638921	-0.2186652071	-2.472769556	-0.7421405706	1.3344191970000001	0.2904386799	0.8979344022	-1.012735404	-1.943597896	-0.2913994387	-1.419779574	-2.364835555	-1.596647648	-1.932267288	-1.293338991	-1.716445478	-0.022304277569999996	-0.6530148393	1.9665971930000001	-0.9433594539	-0.2703677962	1.447629719	11311.718681105522	9316.709801506991
0.0936176859	0.0916373619	0.0883677934	0.0838549798	0.0781624119	2.151213067	-0.09510366652999999	-1.7182946730000002	-1.790602379	-0.02446759088	1.038801285	0.5703694757	-0.42760827939999996	-1.451451654	-0.4219576858	-2.153449981	-2.578475582	-1.4648915219999998	-1.3167643070000001	-0.2046242225	-1.092865578	-0.200443609	1.60022166	1.059596894	-0.2128231111	1.327312265	0.1487721485	11273.910258588401	9310.738576486689
0.0934526974	0.0909826276	0.0869140914	0.0813185686	0.0742943663	2.120618552	0.7121301207999999	-2.676591668	-1.002334821	-0.3891029022	0.9169110125	-0.08465455686000001	-0.5086676634	-2.167712298	-0.7327719942	-1.4787148680000002	-1.968095248	-1.2502388420000001	-1.395980381	-0.7837863217000001	-1.024846955	-0.2965341546	-0.19928123379999998	2.103963167	-0.8947903338	1.139950575	-0.9298256492	11294.687851830051	9327.741543838123
0.09326949	0.0902569478	0.0853079126	0.0785285677	0.0700643661	2.29465922	0.4348709654	-1.313400075	-1.2611418620000001	-0.7864236351999999	1.083754605	0.6760233813	-0.11386200689999999	-0.9407332198	-0.1644947888	-0.71879807	-1.932579014	-1.03210657	-1.651035234	1.092645836	-1.218311224	-1.191280037	2.333028713	1.045361738	-0.6879472656	1.145959882	-0.7865305569	11309.39787664544	9319.313364515656
0.0930680996	0.0894608883	0.08355207469999999	0.0754936776	0.0654930192	1.6434003209999999	1.115142101	-2.52258837	-0.85213331	-1.498891809	0.854476228	1.220832016	0.09489484037000001	-2.0968693309999997	-0.07048618632999999	0.5177168035999999	-1.8094291869999999	-0.1768042316	-2.734750048	-0.1282630423	-0.05479165253	-0.3045920325	-1.179918173	1.6986257169999999	-1.260894977	0.7760259737999999	-1.595789215	11355.733488736088	9331.280023559537
0.0928485654	0.0885950699	0.0816496581	0.0722233627	0.060602597	2.372329411	0.354800526	-1.7451201809999999	-0.4777728383	-0.48489911700000005	-0.6378111989999999	2.424992001	-0.814750801	-0.7501239828	-1.044628817	0.7489590722	-1.639799826	1.782318929	-1.753323606	0.111467729	-1.482981025	1.5534709269999998	-0.2804013491	0.8220023148000001	-2.140324094	0.046390329630000005	-0.8451195937999999	11357.225847134523	9317.075947646314
0.0926109301	0.0876601678	0.0796040002	0.0687278213	0.055416925	1.8718342630000002	0.7478470943000001	-2.223529807	-1.158778357	-0.4244431415	-2.115300239	1.214086805	-1.719239639	-1.0449224559999999	-2.5326705819999997	-0.2879432176	-1.806851496	-0.1452504081	-1.6765615759999999	-1.135002939	-0.40708457439999995	1.0888097540000001	0.03927231724	1.290809149	-1.39446294	-1.083108889	-0.22139728739999998	11282.989396270334	9318.451056723243
0.0923552402	0.0866569108	0.0774186899	0.0650179541	0.0499612674	1.91330321	0.3889054357	-1.70027547	-0.6096601132	0.5853778177000001	-0.8770194551999999	-0.23129567399999998	-1.531001017	-1.5211750259999999	-0.572513092	-0.8573686537999999	-1.26532869	0.050788389169999996	-1.067677412	-1.048676923	0.653268362	1.4243923630000002	1.197276125	1.832574565	-0.770053905	-0.8150219809999999	0.3094245601	11252.568636290669	9318.824955154263
0.0920815455	0.08558608150000001	0.0750975609	0.0611053303	0.0442622034	1.782452053	0.7273064264	-1.504076534	-0.31437670219999997	-0.6116886502000001	-0.28649815030000003	1.192032678	-2.641948123	-0.717225755	1.35759635	-0.2321561274	-1.803267444	-0.7596002688	-1.33396159	0.2295450635	1.36917842	-0.42077445259999996	-0.3375074886	1.506214486	-1.7644758130000002	-0.6085571317	1.006643913	11323.01384177012	9314.502416026964
0.0917898992	0.08444851460000001	0.07264468519999999	0.0570021512	0.0383474985	1.849160801	0.9193675836	-1.731512114	-0.478626793	0.7075675840000001	0.23777783100000002	0.4590446658	-0.8863390561	-2.287927903	0.5598557022	0.1520564073	-1.491570885	-0.6016240295	-1.6192396669999998	-0.3890864616	-1.617536606	0.04759502699	-2.321827329	0.9313545636	-0.5004459885	-1.165055687	1.509683989	11367.339437071922	9324.61950713968
0.0914803584	0.0832450974	0.0700643661	0.0527212125	0.0322459684	2.128132509	0.5559599801	-1.805192156	-1.3866110269999998	0.44656340619999996	0.82350889	0.8733112659000001	0.1955269948	-0.1987435232	-0.1545697281	-1.8127444069999998	-1.990012928	-1.252379551	-1.541850715	0.03130352441	-0.7159840251999999	-0.0672154109	0.8439499142	0.19665854170000002	0.1308703047	0.8701787409	1.035176407	11304.97213820366	9308.151605320794
0.0911529832	0.0819767681	0.0673611302	0.0482758643	0.025987339100000003	1.928839873	0.9338594258	-1.37291566	-1.224868792	-0.6444718219	0.7619196404999999	-0.39963956799999995	-0.48267499140000003	-0.3727283339	-0.4010583872	-1.228137904	-2.0856589569999997	-2.07548196	-1.414486341	-1.190072765	-0.6847561182999999	-0.8958218814	-0.02246815025	2.084216218	-0.5126264826	1.625083619	-1.074822588	11245.8130177119	9312.838229465458
0.0908078376	0.0806445158	0.0645397201	0.0436799691	0.0196021022	1.5952640390000001	1.112600754	-1.6735483780000002	-1.125357054	-1.4421311140000002	1.4316579969999998	-0.9345367868000001	-0.1266957317	-2.409310015	0.0636583448	0.2799367151	-1.276528581	-1.018692944	-1.409492364	-0.9893739415	-0.4526063414	0.01678902689	0.09845671678	1.656949454	-0.594394941	0.8988976027	-0.761952845	11273.669043303189	9321.404705913481
0.0904449889	0.0792493794	0.0616050853	0.0389478592	0.0131213658	2.164936401	0.47693870039999997	-0.283334737	-0.8642915125	-1.6855315880000001	0.8812618392	0.2016177248	-0.45385796689999997	0.5598708208	0.9656158495	1.261393457	-1.665674663	-1.368574241	-0.8678199091	0.5346077341	0.07119381594	0.5268053542	0.1557040391	1.057524053	-2.3136553380000002	1.344445928	-1.516035454	11318.202638725383	9311.518812935228
0.09006450769999999	0.0777924467	0.0585623743	0.034094291400000004	0.0065767034	1.5313213030000001	1.42897859	-1.734245321	-1.250478368	-1.004979287	0.8247204628	-0.5928198972	-0.1204185154	-1.5966138140000001	-0.6485189527	-0.8263573854999999	-0.06546648845	-1.705239664	-0.8802336703	-0.11557387449999999	-0.9978695486	0.8058913565000001	0.2297375667	1.6569383919999998	0.6040912994	1.406472285	-0.4578677232	11264.24972943868	9331.930012030862
0.0896664683	0.0762748537	0.055416925	0.0291344016	0.0	2.392436307	0.9841771873	-1.001089562	-0.2699988414	0.5504115696	1.271941149	0.4668081414	-0.04802554254	0.5350259007	-0.383474671	-1.433233791	-0.6561798585	-1.164365418	-0.269121672	0.11549510939999999	-1.23204308	1.308336853	0.08282266440000001	1.633830813	-1.559726516	-0.03903445337	-0.1669756192	11330.554244033603	9321.471448169019
0.0892509482	0.0746977839	0.0521742556	0.024083657	-0.0065767034	1.311317445	1.642567625	-1.398642138	-0.6908552920000001	0.2398489884	0.6431004935	0.5413419594	-0.1451467601	-0.3363802435	-0.23968936899999999	-0.8372053314	0.3136105166	-1.656965623	-1.121090105	-0.6701433447999999	-1.154020172	0.8053421360999999	-0.20610600399999998	1.3236061959999998	-0.6756099540999999	-1.868736645	0.4888171068	11317.08549637468	9329.614607047666
0.0888180284	0.0730624671	0.048840054800000005	0.0189578082	-0.0131213658	1.799272264	1.127811332	-0.445623235	-0.7556856634	0.6682062981	1.2897799840000002	0.6815960509000001	0.02066764702	0.3117245599	-0.09929402173	-1.649853104	0.2835980622	-1.338158221	-0.8049316168	-0.9334854037	-0.6279688265	0.7913382801000001	0.7140627069	0.894044562	-1.986269997	-0.2354962435	0.5508898247	11356.091252073524	9320.835682357183
0.0883677934	0.0713701783	0.045420172	0.01377284	-0.0196021022	1.2001717920000001	1.248722731	-1.6944598290000001	-0.8015387987	0.5504825373	0.7325921479	1.070454985	-0.1154293278	-0.5544899075	-0.22194355699999999	-1.208520766	-0.20917998399999999	-1.62727644	-1.592870691	-0.8034692889	-0.7887367259	0.44107816990000004	-0.053832900620000006	0.6102722777	-0.8394092682	-1.598579519	0.4257814757	11322.711084653254	9317.1509659788
0.0879003309	0.06962223719999999	0.0419206067	0.0085449216	-0.025987339100000003	1.7714466180000001	0.5845176314	-1.10833172	-0.536324263	0.6742273864	1.537209284	-0.5175513433	-0.03917123179	-0.4441635225	-0.2923734014	-1.507509548	0.28877433809999997	-1.4116338030000002	-0.7960310019	-0.9031198731	-0.7096835225	0.7880690881	0.2310392006	0.8328206553	-1.166580736	0.08560483662	0.554822422	11274.216722629497	9309.783564914813
0.0874157321	0.0678200068	0.0383474985	0.0032903561	-0.0322459684	1.213169508	0.8948005687999999	-1.095563991	-0.1851212054	0.2902797047	0.6162965355	-0.3139893435	-0.2653023471	0.5118207833	0.03395942379	-0.3496136884	-0.01428838492	-1.05413565	-1.2429487909999999	-0.844746309	-1.185709008	0.2928292902	-0.20373177039999998	1.1090377059999998	0.08488317656	-2.1085225519999997	0.477021177	11326.081820887737	9320.460635378508
0.0869140914	0.06596489230000001	0.0347071157	-0.0019744703	-0.0383474985	1.463480886	1.31472544	-0.40291924619999997	0.001876169598	0.947722042	1.8274049430000001	0.17182344309999997	-0.23220527370000002	-0.7092477548999999	-0.1595835392	-0.5654089661999999	0.4442594193	-0.6078162077	-0.8018447431999999	-1.1097261729999999	-1.11791451	0.5376079485999999	0.22926628329999998	1.264418652	-1.1317098270000001	-0.9011544407	0.8547550170999999	11332.181496481699	9318.914330197462
0.0863955067	0.0640583405	0.0310058448	-0.007233139300000002	-0.0442622034	1.32022467	1.089845003	0.1514571958	-0.4418137795	0.6662940849	0.9912978689	1.4398316759999998	-0.1989862931	1.2066861629999999	-0.2954440734	-0.5528351723	-0.33604873049999995	-1.570450594	-1.012959817	0.04520330871	-0.8498064793000001	0.5663481585	1.165651603	0.060761249100000005	-1.466760658	-1.84175153	0.6499253289	11364.958715820312	9317.1568217089
0.08586007890000001	0.0621018379	0.0272501791	-0.0124692521	-0.0499612674	0.9793822565000001	1.498938528	-0.49023336829999997	-0.7318442745	0.5820320709000001	1.470649128	0.6628842451	0.5249468168	-1.308184388	-0.037455192000000005	-1.115158032	0.4076238414	-1.190524039	-1.1336325790000001	-1.005611897	-0.5774594757	0.5104814534000001	0.06576212492000001	0.8473527729000001	-0.8994950214	0.9244972954	0.6313883362	11365.958881367722	9323.875411333416
0.0853079126	0.0600969101	0.023446707400000003	-0.0176664798	-0.055416925	1.530043636	0.6217484084	-0.8206475348000001	-0.7071827301000001	-1.5667296919999998	0.7588844151	1.3891580669999999	0.5330235995	0.7621990331	1.117765074	0.6727220397	-0.763860703	-0.8655001119	-1.07076636	0.3490165454	0.37689954909999995	0.8555625365	0.6731722537999999	-0.6511063214	-1.960916352	1.23786106	-0.42871073299999995	11385.208299777933	9311.275814108074
0.08473911529999999	0.0580451205	0.0196021022	-0.0228086151	-0.060602597	1.281450065	0.875715355	-0.4021709485	-0.5891560453	-2.003751968	0.29921001469999997	-0.1936470942	-0.4557751689	-0.5120521584000001	0.3546242554	1.093103693	-0.6834981536	-1.178233039	-0.9127034468999999	-1.6727659480000001	0.3099557963	1.381151732	-0.2500932413	1.395313719	-1.2890759390000002	1.515190709	0.07754381097999999	11304.28857823202	9309.870527440948
0.084153798	0.0559480692	0.015723108200000002	-0.0278796223	-0.0654930192	1.472782448	0.762601037	-0.7435699562	-0.9992530318999999	-1.444570365	0.8667861120999999	-0.869192016	0.7811595515	-0.7650329729	0.6861557576	1.1555646000000002	-0.46676791219999997	-0.9105774853	-0.8490420453	0.1688071158	0.32844019059999996	1.379691929	0.11095150849999999	0.4666098954	-0.401440467	1.364598231	-0.44252165200000004	11318.555353368472	9316.190955497694
0.08355207469999999	0.0538073912	0.0118165306	-0.0328636878	-0.0700643661	1.13655555	0.8801106563	-0.061698471860000006	-0.1362480522	-1.854829658	-0.23202650760000001	-0.00203508862	-0.1302154472	0.7746131596	-0.1211766947	1.121659266	-0.4941008769	0.01051294062	-0.2686384297	-1.6433558419999998	0.2390881413	1.116646617	0.1516729707	1.273721895	-0.9550446856999999	1.315146155	-0.2876594033	11333.077061148868	9320.700212862006
0.0829340628	0.0516247558	0.0078892227	-0.0377452688	-0.0742943663	1.58061378	0.9439227242	0.4687168795	-0.9721467509999999	0.3856574251	-1.292456729	0.6322076308	0.286427902	-0.6461420946	-1.301960285	1.004594667	-0.204080045	1.23429822	-0.39233507520000005	-0.012029405290000001	-0.5070178710000001	2.235539635	-0.7237562769	0.5457285123	-1.070100955	0.37716508090000006	-0.9442949513	11358.704815255778	9325.019401248659
0.0822998827	0.049401865	0.0039480745	-0.0425091422	-0.0781624119	1.031431908	1.315319847	-0.8697856440999999	-0.8285391194	1.06886679	-1.10357734	0.8514078943000001	-0.7207526834	0.1688588438	0.20450242079999997	-0.3718349385	-0.44511958030000004	-0.1071996883	-0.294114258	-1.147757302	0.7509447576999999	1.4144702580000001	1.222407941	1.6768521019999998	-0.0786971201	-0.3871318763	0.002119062673	11317.846872993365	9319.675049300611
0.0816496581	0.0471404521	-0.0	-0.0471404521	-0.0816496581	1.193197275	0.8430894817	-0.07809487423	-0.9721095815999999	0.5802019090999999	-0.6409417566	0.5958601942	-1.509483409	-0.8499504219	1.591724058	-0.5084029563	-0.7180969076	-0.8026660511	-0.01976867969	-0.4791070582	1.480066273	-0.3878572318	0.8086259161	0.531343887	-0.762583428	-0.10210715390000001	0.5620118484000001	11313.391010942849	9309.137025326369
0.08098351570000001	0.0448422805	-0.0039480745	-0.0516247558	-0.08473911529999999	0.9950496657	1.213081563	-0.9858489998000001	-0.2648136007	0.7767492636	-1.1861076940000002	-0.5858041892	-0.8671203534	-0.6026314921	1.011009533	-0.2259276657	-0.3906487065	-1.051566264	-0.4400528463	-0.9352401701999999	0.5940797389	-0.5109215877000001	0.09760879384	0.7780117365000001	-0.599114253	-0.30554337800000003	0.7587907070000001	11304.970829208583	9313.59276209782
0.0803015854	0.0425091422	-0.0078892227	-0.0559480692	-0.0874157321	1.3544240680000001	0.8080737687	0.008620547893	0.1185448726	0.8711581253	-0.9153665128	-0.5227987552000001	-0.6599554072	-0.6182165377000001	0.02354485579	-0.08791968519	-0.528242676	-0.6118756388000001	-0.3836791047	0.1136490567	0.4558272206	0.3008751384	0.47151484969999996	0.3638740399	-1.39682582	-0.6103655704	0.9039434479	11315.841960415777	9319.216685503136
0.0796040002	0.0401428566	-0.0118165306	-0.0600969101	-0.0896664683	0.4134159476	1.04608263	-0.144487124	-0.20694014460000001	0.8752941225	-1.220521797	0.702509292	-1.193238333	0.3339255627	0.8828783926999999	-0.0865192998	-0.2631329891	0.08257530405	-0.5021084626	-0.2359134134	0.6527808229	0.1722984646	0.6774793968	0.1018038363	-0.3662920347	-0.4124751276	0.05390605409	11336.188999625427	9328.914650543442
0.078890896	0.0377452688	-0.015723108200000002	-0.0640583405	-0.0914803584	0.8792570303	0.8953164981	0.43750771310000003	-0.46121499920000003	-0.5701579053	0.6281256785	2.2433888619999998	-2.408179042	-0.3831836896	1.52669102	0.3334049373	-0.5364967399	0.2261981871	-0.3970201243	0.8856512984999999	1.5154387440000001	-0.6177165128000001	-0.7738579164	0.1278950557	-1.6536318630000002	-0.05664611557	1.3767928059999999	11407.649670242938	9322.07876312703
0.0781624119	0.0353182483	-0.0196021022	-0.0678200068	-0.0928485654	0.6990256364	1.019511173	-1.049982119	-0.7324477211	0.3918304278	-0.687316823	0.8521072962999999	-1.615394246	0.12190908060000001	0.9636129981	1.282729856	-0.7529750198999999	0.5877680744	-0.9371669725	-0.0005787598724	-1.125295621	-1.082985138	-2.02524399	0.023480630069999998	0.3159239231	0.1882738823	1.7041628690000001	11399.410424470248	9314.737073844
0.0774186899	0.0328636878	-0.023446707400000003	-0.0713701783	-0.0937644235	0.9993811698999999	0.6563016291	0.30886279559999996	-0.3507895604	0.1571663625	-0.2778652418	0.2628828373	-1.822584905	-0.33017947350000004	1.124778195	0.6906848761	-1.014325919	-0.06039991762	-0.9197300004000001	-0.4285481664	-0.8582319796	-0.08835149514	-0.8421054687999999	-0.3594929928	0.04004100296	-0.5408068572	2.228980805	11353.95051838078	9302.87347872784
0.07665987490000001	0.0303835011	-0.0272501791	-0.0746977839	-0.0942234708	0.5491148695	0.43610466659999997	-0.6718987462	-0.7137671718999999	1.2307158740000002	-0.6422200124	-0.589228347	-0.7216092112000001	0.40024513759999997	0.6440132099	0.6068824235	-0.6675573287	0.35859163829999996	-1.137414687	-0.8080413731	-1.2710187020000001	-0.8818491122	-1.515670935	0.4247685345	0.01509314895	-0.26082048350000003	2.047762896	11362.449010059932	9313.20472268001
0.075886115	0.0278796223	-0.0310058448	-0.0777924467	-0.0942234708	0.4593309452	-0.42242480159999996	1.586102123	-0.8847451368000001	1.089874712	0.0558507503	-0.6088891825	-0.3201252801	0.49213750689999997	0.5084269187	-0.09834585989	-0.061906342579999996	0.3003671052	-0.5701296029999999	-0.6763068665	-1.3888118280000001	0.20420669660000001	0.22709722370000002	0.6040019723	0.3807275486	-2.391913454	1.907316939	11325.937329101562	9311.906530657096
0.0750975609	0.0253540038	-0.0347071157	-0.0806445158	-0.0937644235	-0.2842311585	-0.0366907646	0.3048769362	-1.8992400630000001	1.667719287	1.000473131	-0.39165490560000005	0.7437732886	1.146936404	-0.3284582025	-0.7549088194	0.9028896047	-1.021847828	-1.368939599	-0.6928740384000001	-0.16837459289999998	-0.5605264762	-0.7119287763	0.6846459312000001	0.2614175405	0.6814288709999999	1.237069648	11361.63690971479	9314.008810661891
0.0742943663	0.0228086151	-0.0383474985	-0.0832450974	-0.0928485654	0.1974125765	0.05037681652	1.9498973119999998	-1.752338685	-0.7699685342	1.509871204	0.3971317489	0.7874069451000001	0.6172799971	0.582902248	0.8803000122	-0.2727820588	-0.6159648809	-1.417304211	0.028774987010000003	0.2329781109	-0.7359312083	1.55254567	-0.2013469913	-0.39339542439999997	1.257713576	-0.48027286539999997	11359.17357796447	9307.980167843474
0.073476688	0.0202454408	-0.0419206067	-0.08558608150000001	-0.0914803584	-0.2052843023	0.6689965484	-0.1100355408	-0.9254015665	-1.9569168630000002	0.1744479744	-0.3642714504	0.6075676671	1.006257072	0.09288658149000001	1.139077805	0.04227171842	-0.03366402833	-1.825125991	-0.187618975	0.6316450192999999	0.405833555	-0.8510089218000001	-0.6366079736	-0.38293549670000004	1.305574607	-0.8152161001999999	11303.87625682256	9308.085964364245
0.07264468519999999	0.0176664798	-0.045420172	-0.0876601678	-0.0896664683	0.6025355596	0.5023634519	2.328792164	-0.5634427586999999	-0.9169729175	0.2534540909	-1.081023139	-0.3043745441	0.5081700576	0.2730346468	0.93271103	-0.60112836	1.149393545	-0.8606014489	-0.002035526887	0.3565509128	1.559635376	0.4188734528	-0.4733620136	-0.7254033588	1.509087071	-1.135916717	11301.621489391588	9310.761604678211
0.0717985202	0.0150737429	-0.048840054800000005	-0.0894608883	-0.0874157321	-0.02957020506	1.084537803	-0.3324227021	-0.9570122837	-0.8009901804999999	-1.010483796	-0.22492625649999998	0.21063449739999998	1.637685069	-1.337926161	1.253985574	1.055519726	1.640476522	-1.111584607	0.6854543762	-0.1731135227	1.4326179630000002	-0.6486480195000001	-0.07612274347999999	0.24269320879999998	0.5847573299000001	-0.3095715168	11328.47453646725	9323.409381101827
0.0709383579	0.0124692521	-0.0521742556	-0.0909826276	-0.08473911529999999	0.7116990409999999	0.8862204281999999	1.903330789	0.3191335741	0.9218324468000001	-1.0398021990000001	0.8638992276999999	-1.129491512	0.36000972929999997	-1.6162133419999998	0.6919736829	0.6201082218999999	0.0018231641229999999	-0.5339451577000001	-0.38248301240000004	0.005478291924	1.320249895	2.323279157	1.082840132	-1.599403937	-0.2966266898	0.11115145359999999	11340.62134457941	9321.642020725696
0.0700643661	0.009855038	-0.055416925	-0.0922206402	-0.0816496581	0.2689506325	1.0947725209999999	-1.322078914	-1.148834381	-0.1034197877	-0.5328768731	0.7996294619	-0.6964223767000001	0.1870713535	1.565409406	0.14626373369999998	0.5722975197	0.4836747827	-1.072415301	1.178378232	1.4583821730000002	-1.0928599909999999	-0.38143593600000003	-0.7047966858	0.6970699217	-0.1852613418	-0.9758218104	11337.123616759422	9306.369065297122
0.069176715	0.007233139300000002	-0.0585623743	-0.0931710653	-0.0781624119	1.263734407	0.8596063412	1.7229001609999999	0.4096344112	0.2576148881	-0.2337290543	0.1512443744	-1.735295971	0.1941152702	0.7772999918000001	0.3840338132	-1.177073136	-0.26085521370000003	-0.2302910689	-1.502099464	-1.154484643	-0.5971774409	-0.49348441159999995	0.21462643469999998	0.23819018179999998	-0.9664178764	1.189590671	11330.121680356377	9294.566574185272
0.0682755779	0.0046056005	-0.0616050853	-0.0938309391	-0.0742943663	0.3946695765	0.8957554627	-1.6113191130000002	-1.221070151	1.314804754	0.24977307070000002	-1.5615733669999998	0.5269566738	-0.0310747376	0.07158270136	-0.5283817490999999	-0.244854486	0.09076690721000001	-1.0165683079999999	1.207682659	-1.225301982	-0.16626244769999998	-1.650290679	0.1108038244	0.1570581167	-2.219640496	1.420088113	11315.284682684078	9301.903411029944
0.0673611302	0.0019744703	-0.0645397201	-0.0941982038	-0.0700643661	0.8027184415999999	1.016798506	1.205169827	0.30304090100000003	0.8439796615999999	-0.04332438642	-0.8633892918000001	-0.6880611239	0.2896797624	0.14376061380000002	-0.4826677236	-0.8417178176000001	-0.6851152534	-0.3839652906	-1.177745856	-1.864472647	-0.2283576332	-0.0709681073	1.9263271530000001	-1.0980425790000001	-1.6694375280000002	1.500528069	11318.304546366653	9306.06492399174
0.0664335504	-0.0006581995	-0.0673611302	-0.094271714	-0.0654930192	0.43533231450000004	0.9225246898	-0.6116200701	-1.2805668479999999	1.018627137	1.306357796	-0.31303090489999996	0.8185002003	-0.4380063095	-0.6218411268	-1.8559691569999999	0.5157646422	-1.248387197	-1.288639576	1.6678457119999999	-0.6477057634000001	0.3794931766	0.1081263759	0.022811525269999997	-0.1100910825	-0.2658207221	1.5333165640000002	11303.48673179313	9315.27796486751
0.0654930192	-0.0032903561	-0.0700643661	-0.0940512406	-0.060602597	0.5330364479	1.08408562	1.044964774	0.03847572626	-0.299716541	0.9554604576000001	0.6617541392	0.49983029619999997	1.154324605	0.012327939340000002	-0.5328600178	-1.883745299	-1.045002969	-0.7005061531	-0.8121732014	-0.456900365	-1.021847953	0.9176537793999999	1.7127649619999998	-1.386130351	1.6263390359999998	-0.550741651	11321.353138712007	9314.911422514342
0.0645397201	-0.005919946999999999	-0.07264468519999999	-0.0935374711	-0.055416925	-0.1121017285	0.6458899336	-0.2925212403	-1.3100962440000001	-1.1349195970000001	0.7083138224	0.3419830605	1.322185097	-1.150132287	1.400290443	1.276762233	-1.224030084	-0.2018320893	-1.583302576	1.5697229419999998	0.7520862826000001	0.6934922837	-0.1704228264	-1.07667734	-1.481865969	1.187156221	-0.6600392067	11334.593760367618	9311.279946341709
0.0635738388	-0.0085449216	-0.0750975609	-0.0927320076	-0.0499612674	0.2680109759	0.4700873129	0.447416924	-0.09430165900000001	-1.581522742	-0.5175084782	-0.2006679801	0.2039026034	0.7765148972	0.46225813060000004	0.7200359243000001	-1.17831962	-0.0584583993	-0.001566594967	-1.041970153	0.3430877932	0.4884878069	0.3637624022	0.47253424	-1.127309595	1.590401745	-0.2052827804	11302.52159473994	9304.535751988224
0.0625955636	-0.0111632332	-0.0774186899	-0.0916373619	-0.0442622034	0.4655851707	0.486756456	0.2018407581	-2.070965444	0.00206383367	-1.224458003	-0.8177282001999999	0.6623559881000001	-1.080707388	-0.6306462088	1.080159879	-0.1655386078	1.570391331	-0.2591461706	0.7018003451	0.2276522399	1.874760565	-0.7357750706999999	-0.022449348540000004	-0.2987022882	0.08186628393999999	-1.221130812	11284.336755872751	9299.653169926733
0.0616050853	-0.01377284	-0.0796040002	-0.0902569478	-0.0383474985	0.15648969140000002	0.7568598282	0.3874273758	-0.51467357	-0.7184984869	-1.7748300469999998	-0.36201450450000006	-0.1437616838	0.7405048499	-1.275320923	0.4545519034	0.4043142044	0.913162385	0.2538337712	-1.325276226	-0.28220141530000004	1.284068328	0.5581540331	1.2565849359999999	-0.3404594558	0.15402206599999999	0.046795813389999996	11297.239123702375	9303.655822872028
0.060602597	-0.0163717072	-0.0816496581	-0.0885950699	-0.0322459684	-0.04377545954	0.6696412959	0.44883233100000003	-1.261919609	1.3063830490000001	-1.1885935440000002	-0.1672284764	-0.06494466109000001	-0.7322587681	-0.12887042769999998	0.3373260952	0.5749907978000001	0.3943497018	-0.7530679539	0.7487992725	0.5182388805	1.250659427	1.550954384	0.7115798547	-0.6508370677	-0.33036975399999996	-0.1311973866	11288.983085402395	9301.172754500234
0.0595882941	-0.0189578082	-0.08355207469999999	-0.0866569108	-0.025987339100000003	0.3696380549	1.357639125	0.2940841053	-0.6138326675	0.302973888	-0.7061270951999999	0.06653391912	-2.2126112069999997	0.9886882892000001	1.384619034	-0.4356805679	-0.14331385130000002	0.09701447884	-0.2992260249	-0.6589651593	1.551426589	-1.7362566240000001	0.8047822148999999	1.6021911430000002	-0.3191231905	-0.21499449829999998	-0.5141187217000001	11285.31445178724	9294.403489057748
0.0585623743	-0.0215291265	-0.0853079126	-0.08444851460000001	-0.0196021022	0.3169768596	0.7604746325	0.7558387584999999	-1.0211203309999999	-0.1925009218	-0.4626697638	-0.746654947	-1.733021999	-1.0776852940000001	1.140520914	0.5996576691	-0.1292346365	0.2845964871	-0.6305683915	0.6253764398	0.8485984248999999	-1.383910371	-2.412059169	-0.5864607715	-0.4855023834	-0.05581660213	1.1616884440000002	11292.576849114404	9298.370997632706
0.0575250377	-0.024083657	-0.0869140914	-0.0819767681	-0.0131213658	0.2046381117	1.001263092	0.1001123618	0.3207363367	0.9867233934	-0.8723412618999999	-0.7346674443000001	-1.130915882	1.1896460629999999	0.7636657201	0.2223686434	-0.5845791886	-0.49614078869999995	-1.072551098	-0.9143431925	-1.677338095	-1.049563676	-1.2897111909999999	0.6983392694	-0.1278572092	-0.3182939695	1.913343992	11360.058732207834	9306.425808519232
0.05647648650000001	-0.0266194078	-0.0883677934	-0.0792493794	-0.0065767034	0.6202235152000001	0.4719336356	0.7972996501999999	-1.19287321	0.8115298034999999	1.3315325059999998	-0.41986342579999997	0.1471504245	-1.306209698	-0.6372490002000001	-1.6201145719999999	0.6145344501	-0.6267268468	-0.6566513018	0.4439092997	-1.577265561	0.2607768605	-0.2708297091	0.3283614301	0.0179263336	-0.549457111	1.4900219140000002	11277.323928456764	9304.313916515111
0.055416925	-0.0291344016	-0.0896664683	-0.0762748537	-0.0	0.5301811692	0.7057034081	-0.7697615584999999	-1.106951233	-0.573957905	1.073039397	-0.6449021917000001	0.44210621590000004	1.8801944469999998	-0.726349853	-1.8724278840000002	-0.7362761518000001	-1.466883385	-0.2864220199	-0.33339290050000003	-0.2434359236	-1.59211352	0.5192633717	1.425848699	-0.1196855127	1.381903427	-0.336257281	11277.750714362155	9311.423441630885
0.05434656	-0.0316266773	-0.0908078376	-0.0730624671	0.0065767034	0.39583100670000004	1.26459738	0.07302539005	-0.8517803125	-0.469603555	1.269100398	-0.9362868725	-0.025964908569999997	-1.6534938869999998	-1.0240297090000001	-1.8717750659999999	0.016776090880000004	-0.5047694415999999	-0.10669533939999999	0.23888666	-1.7128889530000002	-0.20500249690000003	0.3697444004	0.4874373892	0.6044533955	-0.4246224979	-0.4289321024	11234.495059663956	9322.79978835296
0.0532655999	-0.034094291400000004	-0.0917898992	-0.06962223719999999	0.0131213658	0.2725131075	1.1440622409999999	-0.2219351605	-0.21820653559999997	-0.6540053398	1.5916688819999998	0.4868010671	0.5313082865	1.9546431530000001	-0.25189504030000004	0.05521232597999999	-0.449070323	-0.8571753568000001	-0.6089792396	0.4076688541	-0.6924237776000001	-0.6102371617	0.6614872368	1.226110089	-0.00797666892	0.5146140014	-0.2948612202	11313.462127100278	9312.090755244331
0.0521742556	-0.0365353199	-0.0926109301	-0.06596489230000001	0.0196021022	0.36748264490000004	1.18380563	1.195954821	-0.3816088763	-1.130233447	0.48486608979999996	0.9576001081000001	0.2468970391	-0.7510537620000001	0.444506057	1.7319853319999998	-0.7609633402	0.9152522568000001	-0.5087353813000001	0.4624732323	0.3189405375	0.8751932337999999	-0.5175414590999999	-0.14354487119999998	-1.835536494	1.245081451	-1.73909876	11326.333098111088	9311.42501528157
0.0510727399	-0.0389478592	-0.09326949	-0.0621018379	0.025987339100000003	0.5302541492	1.64310029	-0.8270300395	-0.9825870858	-0.2191914096	-1.2887361659999998	0.8556479673999999	0.02175347848	1.868312051	-1.561194259	0.853943628	0.565665325	1.1827375409999998	0.24944939489999998	0.5229683544	-1.08308863	1.579610908	0.14838822599999998	0.20532984469999999	-0.3358427438	-0.09412811405999999	0.1853049351	11296.078412617722	9306.360321593344
0.0499612674	-0.0413300281	-0.0937644235	-0.0580451205	0.0322459684	0.1596794514	1.165974547	0.3886481483	-0.770606242	-0.318629856	-1.664824686	0.2232927928	-1.4599039059999999	-1.035741822	-2.309560706	0.1690694687	-0.2595866242	0.19199090100000002	-0.02517941785	-0.3501413175	-0.5277908901	1.4881884619999999	0.4160167806	0.3071264506	-1.10314698	-0.8225940544	0.2714346926	11296.041689185571	9307.031582630632
0.048840054800000005	-0.0436799691	-0.0940948623	-0.0538073912	0.0383474985	-0.33135145239999997	-0.3060474781	-0.6234969275	-1.2750440029999999	-0.4115382596	-1.279537438	-1.167917365	-0.3902516901	1.4272925019999998	-1.136625807	0.5757274735	-0.4744856758	0.3917004422	0.34668088119999996	0.7234535975	0.8388765740999999	1.152065994	0.8713610609	-1.322554582	0.9617325731	-0.7211037458	0.6148906715	11306.906444643622	9304.105778701272
0.0477093208	-0.0459958498	-0.0942602268	-0.049401865	0.0442622034	0.0855006821	0.08203488029	1.755734538	-0.2665817035	-1.715516291	0.6804904656999999	-0.7126265247	-0.3588156226	0.7148158957999999	0.1253156983	1.600672694	-0.27905288780000004	-0.7666009606	0.13961514619999998	-0.9361257298000001	1.498614729	0.6441629461999999	0.9480485706999999	0.3308608303	-0.8926516419	0.46085745100000003	-0.4319789727	11340.51208797089	9320.747480295955
0.0465692858	-0.0482758643	-0.0942602268	-0.0448422805	0.0499612674	0.29969169100000004	0.6407307304	0.1585541392	-1.016616696	0.7373228828	-0.570386621	1.191642677	0.5794169546	1.685287371	-1.021980053	1.482684619	0.2317161792	1.561102466	0.6262192115	1.140342142	-0.1819490549	2.000998329	-0.5483997655	-0.5698103961	-0.9907845454	0.28487200960000003	-1.1112510359999999	11357.285526139767	9320.895835313278
0.045420172	-0.0505182347	-0.0940948623	-0.0401428566	0.055416925	-0.1759940687	1.060669079	0.8409466917	-0.3165005293	0.870439576	-0.6809134724	1.148170091	-0.7568186823	0.04637145234	0.6829747804	0.1194695775	0.8457842056	0.3277138476	1.076949105	-1.065007675	1.2640058790000002	0.5840213865	1.9642792830000002	0.2872369784	-0.05229036687	-0.21103683269999998	-0.036346555419999996	11335.780606538956	9312.56323221938
0.0442622034	-0.0527212125	-0.0937644235	-0.0353182483	0.060602597	0.2808831744	0.5807140842	0.5850776033	-1.055270921	0.1603091841	-0.049179154270000004	-0.05778862857000001	-1.5733047430000002	0.7223150965	1.4190003690000002	0.5397845369	0.3944812772	0.09139076463	0.6996095693000001	-0.07125299482000001	1.7416267419999998	-0.7958592873	-0.8672922465	-0.8347421559999999	-0.6400656625	0.5445357919	0.5550137583	11331.912064560143	9298.823845215518
0.0430956059	-0.05488308	-0.09326949	-0.0303835011	0.0654930192	-0.07962672758	0.8825478756	-0.5077748061	-0.2636481987	0.7115471309999999	-0.653004382	-1.4809546390000001	-0.8668631623	-1.126034492	0.8530794581000001	0.7266950241	-0.2715149106	-0.1884219536	0.3708667126	-1.06782898	-1.094197677	-0.5962990919	-1.631418073	-1.11049346	0.3209836278	-0.8693634506999999	0.9126703173999999	11295.097629494863	9292.484532405568
0.0419206067	-0.0570021512	-0.0926109301	-0.0253540038	0.0700643661	0.5093235068	0.6201002595	-0.5653319421999999	-0.3673867409	1.5188688419999998	0.7098889996	-1.533413911	-0.4876227542	0.7234907723	0.1381500185	-0.8251913558	-0.9667446212	-0.8458400344	0.3786741228	0.13544826769999999	-1.2841063259999999	0.6021327478	-1.018364552	-0.197299857	-0.9324813973	-2.262260397	1.275576139	11275.633222188037	9288.437443571589
0.0407374351	-0.0590767739	-0.0917898992	-0.0202454408	0.0742943663	0.06004551022000001	0.9225846634	-0.3556497645	-0.46469343020000003	0.6473985685	1.007716313	-1.228280632	-0.5996761872999999	-0.57448824	-0.17254811949999999	-1.334576128	-0.06096534462	-2.056196757	0.21524118420000002	-0.2172203648	-1.643119414	0.2262273071	-0.4341809414	0.10504925130000001	-0.3783636334	-1.733614851	0.5183506932999999	11252.11814299283	9294.79429117276
0.0395463216	-0.0611053303	-0.0908078376	-0.0150737429	0.0781624119	0.318435255	0.4467517093	-0.09344801386	-0.7284796043	0.1688242806	1.64777727	-0.3309720257	0.3090292435	0.47048208469999997	-0.5230303634000001	-2.324394163	-1.120193149	-1.232342496	0.21479676809999998	0.2551451556	-0.7312106776	0.1298843995	0.6077011999999999	-0.5020961203000001	-0.9636566387000001	0.4825435233	0.3800197298	11306.287818051693	9308.291692765932
0.0383474985	-0.0630862386	-0.0896664683	-0.009855038	0.0816496581	-0.10307173060000001	0.9578295938	-0.3314327358	-0.8602962884	0.02301344014	1.040811313	-0.5071337842	0.7129044092	0.009897805531	-0.4467799804	-1.6238208769999998	-0.797293881	-1.339619156	0.3525748079	-0.08069805967999999	-0.2889289379	-0.7119961740999999	0.3469351728	0.2408947016	-0.3561063607	1.265889695	-0.6962780854	11279.432369702483	9319.010957101447
0.0371411994	-0.0650179541	-0.0883677934	-0.0046056005	0.08473911529999999	0.05723802916	0.8713342351000001	-0.5097708137	-0.757883435	-1.7905592280000002	1.222072443	0.02168755466	0.8803312916	0.1455382528	0.7932744414	0.5215670249000001	-0.6314709461	-0.42286549409999996	0.48347637549999994	-0.4998582225	-0.2247945255	-0.3558084018	1.169041972	-0.4793126152	-1.29353581	0.5551397936	-0.45773413560000004	11313.937082285425	9303.187530644138
0.0359276596	-0.0668989706	-0.0869140914	0.0006581995	0.0874157321	0.027830074910000002	1.0000301440000001	0.1502765838	-0.6870158923999999	-1.060618769	-0.0056937768319999995	0.1116109215	0.24149571820000001	0.12565875740000002	0.314399332	1.0991914740000002	-1.364070602	1.435139542	0.4936316529	-0.5826858623	0.3167094813	1.638231465	-0.8908561964	-1.124054288	-1.5273545240000002	0.7394807314	-1.6906069830000001	11313.964670844929	9297.690901769207
0.0347071157	-0.0687278213	-0.0853079126	0.005919946999999999	0.0896664683	0.1729798753	0.8844479013	-0.5907151575999999	-0.5674049306000001	-1.3549014119999998	-0.3737953256	-0.7806468749	0.0911807199	0.8288837448	0.09551325153	0.6973369582	-0.18077952690000001	0.9769974223000001	0.5865332317999999	-0.8141970262999999	0.008123328946	2.103319597	0.09221929091	-0.4295450975	-0.36508270299999995	0.6973640718	0.1262347549	11300.774661881955	9295.581808506273
0.0334798055	-0.0705030801	-0.08355207469999999	0.0111632332	0.0914803584	0.24824931449999998	1.135648161	0.6260898232	-0.12020017039999999	-1.645435904	0.01355272128	-0.5174684929	-0.20907316129999998	0.4047928445	0.44665163280000003	1.0055802120000001	-1.060047755	-0.35816913520000004	0.3302830876	-0.6399549441	0.7703688163	1.769218599	-0.1768002265	-0.2816093938	-1.052884778	0.8600025890999999	-0.8005721320999999	11279.784061630458	9299.385407396927
0.0322459684	-0.0722233627	-0.0816496581	0.0163717072	0.0928485654	0.1678098926	1.413151697	-0.6732278979	-0.3112813564	0.20952662719999998	-0.8170236651999999	-0.2345394159	0.529003139	0.3598523628	-1.176556586	0.4627640489	0.5681073853999999	1.579833183	0.2857729333	0.2874423386	-0.5859417148	2.548392406	-0.05107238267	-0.06487979835	0.5202868873	0.01333848943	-0.5341283201	11284.885952884204	9302.284398921329
0.0310058448	-0.07388732769999999	-0.0796040002	0.0215291265	0.0937644235	0.08863101098	1.221694243	0.1816075368	0.3669405585	0.34324484780000003	-0.41364351479999995	0.8768867052	-1.331511385	-0.1641653592	1.291930397	-0.119384126	-0.6471535733	-0.2209953256	0.5360808292	-0.3816189901	0.9213544052	-0.1184894868	0.8187129304999999	1.006256711	-0.5497185792	-0.392828358	-0.5076985605	11304.073554553723	9299.078414701842
0.0297596766	-0.0754936776	-0.0774186899	0.0266194078	0.0942234708	0.1486875025	1.083996699	-1.270852977	-0.5345102316	0.7060513664	0.278701282	-0.07374076434	-0.5582907755	0.02297021876	0.9216381912	0.33093760510000003	-0.2216260951	0.2943578968	0.11470204619999999	0.09517902219	-0.4975930109	-0.3319511856	-2.205801416	0.2758910443	0.6262663656	-1.058806991	1.6435576	11344.595075382598	9286.938194285449
0.0285077067	-0.07704115980000001	-0.0750975609	0.0316266773	0.0942234708	0.6566482311	0.6433840851	0.6073971632999999	-0.036392874310000004	0.8495245445999999	0.9298390547	-0.6169162385	-0.657540178	-0.33944897	-0.3503838593	-1.743464233	-0.5839885412	-1.9019846759999999	0.4534068683	-1.203590294	-1.702650613	-0.1375885556	0.5319494013	0.17611860640000002	0.4803945319	-0.9462373636	1.286160667	11245.98859495398	9287.250636777067
0.0272501791	-0.0785285677	-0.07264468519999999	0.0365353199	0.0937644235	0.08069200674	1.153987916	-1.461299431	-0.8713633220999999	-0.7130256645	1.6661876480000002	-1.9638738980000001	0.7322039074	-0.1689822303	-0.6551869917	-2.00080966	-0.6889059174	-0.6669316744	0.01658604796	0.3730021111	0.1182438281	-0.8729549042	-0.5619151441	0.2006716312	0.7102982240000001	0.8567464493000001	-0.2738022369	11241.563177908283	9297.537814055157
0.025987339100000003	-0.07995474129999999	-0.0700643661	0.0413300281	0.0928485654	0.6144990828	1.355247334	0.8815988225	0.4988425261	-0.8062032629000001	1.34669677	-1.686090738	-0.4131221839	0.3115955938	-0.49548570420000004	-1.7296840080000002	-0.44368058549999995	-1.539743506	0.9786316694	-1.171523581	-1.168165259	-0.39285090240000003	0.7694153921	1.18730183	-0.17798753109999998	1.23869512	-0.6127545338	11243.821927841396	9311.864888649736
0.0247194328	-0.0813185686	-0.0673611302	0.0459958498	0.0914803584	0.1411696985	1.248632851	-0.8557496229000001	-1.095635119	-2.399270546	1.4058038030000002	-0.9245754758	0.946335567	-0.12365370640000001	0.5897283349	0.6040524831	0.591829417	0.4495780139	0.2479017594	1.3651758330000001	0.1842520669	-0.0922782976	0.3063903405	-0.8683667393000001	-0.4130126091	0.4671073163	-0.6528805767	11304.850892283821	9312.368244925225
0.023446707400000003	-0.0826189861	-0.0645397201	0.0505182347	0.0896664683	0.5386946563	1.105488326	1.0908545040000002	0.8128529089000001	-1.627811857	-0.05842091042999999	-0.25506968329999996	-0.5704502241	1.303776841	-0.06124922627999999	1.030809803	-0.8893852308	1.249992718	1.181108147	-1.088657942	0.2980224122	1.379031034	-0.2330793553	0.5474486702	-2.057935077	0.933516859	-1.263059315	11308.25289122699	9318.922102468594
0.022169411	-0.0838549798	-0.0616050853	0.05488308	0.0874157321	-0.04742933853999999	1.083391231	-0.37354559090000006	-1.141392868	-0.7447647236	0.2313995289	-0.7422367542	0.8520664777	-0.9006665449	0.09414050448999998	1.189251085	0.11076392939999999	2.0911601369999997	0.5321031687	1.2536615070000001	0.5794157049	2.14383206	-0.6037961238	-0.7921237879999999	-0.4366635478	0.5118766569	-0.3410538501	11311.996100104343	9315.568719004872
0.0208877927	-0.085025586	-0.0585623743	0.0590767739	0.08473911529999999	0.3935450886	1.291662165	0.7116084138	0.09311328652	-1.337225991	-0.7685927968	-0.9739990184	-0.1728085598	1.56435352	-0.6674714939	1.063364596	0.09150044222	0.8555985617	1.69032037	-1.326740309	0.3368731254	1.3982703459999999	0.4838622917	0.6702610563	-1.728272215	0.6174053102	-0.7479337802	11319.034866291204	9310.965334326183
0.0196021022	-0.0861298917	-0.055416925	0.0630862386	0.0816496581	-0.150131146	1.330922973	0.3759070399	-1.4717748919999998	0.9381693125	-1.430033053	-0.1296631433	0.40127149939999995	-1.227271849	-1.672435602	0.6789753148000001	0.8052908864	1.048051694	1.1926097820000001	0.6328041852	-0.56741282	1.9828069190000002	0.5804691758	-0.608929967	-0.6796192609999999	-0.21235997850000002	-0.6183488709	11347.941115287886	9312.14088986254
0.0183125903	-0.08716703599999999	-0.0521742556	0.0668989706	0.0781624119	-0.06566682253	1.2338902390000002	-0.0937521901	0.04224819193	1.008477276	-1.225587943	1.4782230969999999	-0.8058370233	1.350938402	1.2628985259999999	-0.8691934240000001	-0.7003508056000001	0.13501854619999998	1.4381672769999998	-1.830393944	0.9858933062999999	0.44872102469999997	1.807272741	1.119181564	0.20250618739999998	-0.35667673130000005	-0.134249455	11301.206159032534	9300.837181624966
0.017019508200000002	-0.08813621	-0.048840054800000005	0.0705030801	0.0742943663	-0.00036097998869999995	1.233629547	0.3228853387	-0.49862647670000004	0.07461874487	0.1558926879	0.5346722085	-1.421991171	-1.778288495	1.4407509440000001	0.1314715028	0.8201902806999999	0.2186156922	1.032062365	-0.1969888203	1.9319536469999998	-0.6863827519	-0.6961305659	-0.5034461022	-0.40120300130000003	-0.05840476296	1.049124303	11283.2540674497	9288.976838567223
0.015723108200000002	-0.0890366581	-0.045420172	0.07388732769999999	0.0700643661	-0.001115288179	1.4161172919999998	-0.8222578533	-0.0015978732060000001	1.036562969	-0.9462985235	0.1948989273	-1.351605741	0.4717244943	1.6078494019999998	-0.4374624952	-0.2442706975	-0.07709147180999999	0.8041646431999999	-1.633660609	0.5963158542	-1.2133191840000002	-0.7856355419	0.466449857	0.1918617925	0.3218606938	0.029418811160000002	11291.424789303295	9295.962603488086
0.014423643	-0.089867678	-0.0419206067	0.07704115980000001	0.0654930192	0.45416657380000003	0.9145920587999999	0.681346824	0.01823306382	0.2773478328	0.160178685	0.5222164088	-1.806021766	-1.210204141	1.16825609	-0.1967859862	0.2382741597	0.015801749309999998	0.5634550893	-0.2449124473	0.8320401824	-0.7326956017	-0.9158346176000001	-0.2870083658	-0.6059878714	0.09656979226	0.7389506220000001	11294.358619501822	9299.26573218698
0.0131213658	-0.0906286218	-0.0383474985	0.07995474129999999	0.060602597	-0.02085213712	1.048074328	-0.8965766874	-0.10671937140000001	0.2410346625	-1.035869228	0.462527741	-1.5023073080000002	0.8498038066	1.271262404	0.7472085679000001	-0.21807426670000002	-0.04544857853999999	0.3934794658	-0.4149173176	0.4185535801	-1.52430386	-1.452671892	-0.5184880136	0.2841307241	0.42886341850000004	-0.04815200808	11337.897619796126	9309.367261612913
0.0118165306	-0.0913188962	-0.0347071157	0.0826189861	0.055416925	0.5341786206	0.8848385579000001	0.8732786477	-0.07477691023	0.6040373651	0.2593137017	0.19555423870000002	-0.5819639086999999	-1.35796773	0.5996700019	0.0294238592	-1.044976205	0.5618093351	0.3162457723	-0.4376847068	-1.6737963130000002	0.12745617509999999	-1.192373912	-0.3165708891	1.213872952	-2.028020722	1.425990095	11327.165431025256	9307.83145630119
0.0105093917	-0.0919379628	-0.0310058448	0.085025586	0.0499612674	0.1395003385	0.7351616436	-1.457096324	-0.8285418778	1.647111594	0.5475127086	-0.4118956924	0.4116665354	1.396572664	-0.4743719072	-2.029141176	-0.4991599891	-1.558174613	-0.3666327362	-0.0006255377997	-0.7518908081	-0.1219342898	-0.6134108894	0.0603751951	0.04706628197	0.2639509779	1.016084624	11310.307261344175	9301.108215112663
0.009200204	-0.092485339	-0.0272501791	0.08716703599999999	0.0442622034	0.615802913	1.192814462	0.5496928741	0.07684178138999999	-0.1967490545	1.172135261	-0.6315573733	-0.3292735176	-1.13690868	-0.2530126285	-2.295662371	-1.120766755	-1.190185553	0.06886787852000001	-0.4057310903	-1.556350071	-0.5527076185	0.9582752059	-0.407025026	-0.1983413925	1.4486627490000001	-0.44218918479999997	11250.13767792166	9300.359245538646
0.0078892227	-0.0929605979	-0.023446707400000003	0.0890366581	0.0383474985	0.1676877833	1.043062446	-1.3320027779999999	-1.294285153	-1.727318322	0.9129820299	-0.6860645998	1.085952217	0.8329266093000001	0.3982193012	-0.13131841560000002	-0.6148863854	-1.311660972	0.006771113459	0.9840695687000001	-0.3308268842	-1.131835602	0.0617151848	-0.3857880127	0.39611537539999997	0.5320571276	-0.9047604528000001	11278.33079148384	9290.97216162393
0.0065767034	-0.0933633689	-0.0196021022	0.0906286218	0.0322459684	0.4774590281	1.396854984	0.7959193015	0.1618838273	-1.417696355	0.9614597594	-0.4120184217	0.2283191746	-0.5244700942	0.513098539	-0.3980001764	-0.7732385198999999	-1.511310039	0.37024456409999995	-0.795442357	-1.058819386	-0.6223470057	0.39036733100000004	0.7020564606999999	-0.4770021691	1.410620178	-1.331061383	11218.412337128104	9298.711181438131
0.005262902	-0.0936933379	-0.015723108200000002	0.0919379628	0.025987339100000003	0.295658521	0.7133002955	-0.7854157281	-1.340517041	-1.6923232369999999	1.033360125	-0.1902613923	1.333419387	0.2616218023	0.6699844751	0.3305550721	-0.3026499988	-1.208646666	0.3705041768	0.7978421448999999	-0.6023683487	-0.1427472404	0.1041348726	-0.1213803035	0.9429465720999999	0.49243290450000005	-0.8824721898000001	11268.642984134203	9300.611866894827
0.0039480745	-0.0939502478	-0.0118165306	0.0929605979	0.0196021022	0.3364035024	1.113398621	0.7698402567	0.24663588879999998	-1.763108422	0.7734295253	0.4293766899	0.43497066380000005	0.18695140359999998	0.870511376	1.027188869	-1.066073349	-1.48298076	-0.054229615220000006	-1.188706268	-0.3337333611	-0.35476297560000003	-0.001229794066	1.187231264	-1.417648781	1.0922295929999999	-1.342625061	11275.062922396724	9295.986099576436
0.0026324773	-0.094133898	-0.0078892227	0.0936933379	0.0131213658	0.05589712376	0.5495392684	0.2857745176	-1.817644089	-1.048797629	0.599918779	-0.5232090147999999	1.154887492	0.015412782409999999	0.9905643165000001	0.2906174476	-0.5197926561999999	-1.756213218	0.6224321979999999	0.9322716999999999	0.2593972227	0.6794508843000001	-0.1474560214	-1.111271944	0.2837202034	0.6944586440999999	-1.472757935	11256.676374879602	9300.515460439634
0.001316367	-0.0942441455	-0.0039480745	0.094133898	0.0065767034	-0.46143778700000004	0.39268421840000006	0.7042788662	-0.9998823869	-0.7153602045	1.185908975	-0.9929061852	0.33698313350000003	0.8607469941	-0.4715647442	0.3366218511	-1.102215078	-0.6741485049	1.7272553380000002	-1.111523742	0.22163338489999998	0.2852019152	-0.1463813681	1.4506655259999999	0.5597903975999999	1.232310142	-1.127974647	11290.365172169306	9317.085603789395
0.0	-0.0942809042	-0.0	0.0942809042	0.0	-0.14806688810000002	0.4228107056	0.9249888990999999	-0.5832789568	-0.8973324879000001	0.9966369048	0.39866753509999997	0.6849224639	-0.03808329741	0.1812560125	2.064084498	-0.1200975768	1.701824393	0.7105643137000001	0.9518285679	0.6032843986	1.702709911	-0.8126577189	-0.8258402785	-1.487528369	0.6562668247	-1.5230701919999998	11382.448431145654	9313.17226729895
-0.001316367	-0.0942441455	0.0039480745	0.094133898	-0.0065767034	-0.2256868042	0.7511058531999999	0.007887809259000001	0.12393838550000001	-0.26446312559999996	-0.9759774442	1.575763653	0.3747426804	1.317885182	-1.461482911	1.2721050440000001	0.5762908183	1.096102647	1.5970409069999998	-1.210608986	-0.1759476486	1.266433478	0.3595444337	0.2194997982	-0.7346040204000001	0.19744747850000002	-0.008153983763	11387.459801744437	9309.767241714471
-0.0026324773	-0.094133898	0.0078892227	0.0936933379	-0.0131213658	-0.01291482487	0.5466127203	0.6412256290999999	-0.1262393115	1.551782606	-0.8364298222	1.153456104	0.2614735402	-0.7065088734	-0.8248577614	1.129992803	0.09339437469	-0.0842625026	0.9797841159	-0.2660683357	0.3931409543	1.4377032319999998	1.471693573	-0.37715168060000004	-0.7429787464000001	-0.43838549579999997	-0.6314458014	11334.370369354669	9303.33945239602
-0.0039480745	-0.0939502478	0.0118165306	0.0929605979	-0.0196021022	-0.01603862811	0.17294943570000001	-0.5124222002000001	-0.5107247784000001	1.111632302	-0.9034272715999999	-0.1752841253	-0.1521760475	0.9978263276	0.8772782141	-0.38754592689999995	0.5195888182	-0.5919977554	1.288761716	-1.08492883	1.437163472	-0.3048264352	1.284628582	0.2828326259	0.15161811349999998	-0.6733476590999999	-0.9483039121	11298.511786975601	9295.910477810943
-0.005262902	-0.0936933379	0.015723108200000002	0.0919379628	-0.025987339100000003	0.056873173779999994	0.33881165659999996	1.585073508	0.1465883244	0.5717699559	-0.5282988942	-0.6015161693	-0.33665275130000005	-0.4824848025	0.6084585091	0.2495340129	0.6044808675	-1.047688401	0.6874002022	-0.77663836	1.2551607009999999	-0.2036274485	0.9138971156	-0.3630530405	-1.0985740929999999	-0.7907033992	-0.06801698959	11300.732474047518	9298.888281465994
-0.0065767034	-0.0933633689	0.0196021022	0.0906286218	-0.0322459684	-0.35660611560000005	0.201432505	0.08242101069	-0.7915692751000001	0.9224377	-0.3290761575	0.2009465593	-0.4304801677	1.752202527	1.144271141	-0.14630681480000002	0.7525363176000001	0.5488397863000001	0.6085340108	-0.6100243259	1.5476820359999999	-1.1150525409999998	-0.1069355628	-0.5982824259	0.42838307719999996	-0.5028459734	-0.9907484883	11344.454752715646	9309.835223100115
-0.0078892227	-0.0929605979	0.023446707400000003	0.0890366581	-0.0383474985	-0.099234973	0.1742399014	1.823599419	0.17325256760000002	-0.3719686033	0.3643007977	1.575312125	-1.456672959	0.306982567	1.4258773180000002	0.5903944175	0.2477801637	0.2133920832	0.8914432801000001	-1.801008631	1.672520628	-0.49939972979999997	-1.588686169	-0.7012800283	0.227667048	0.1584757418	0.3620173064	11392.508930864726	9310.306379137364
-0.009200204	-0.092485339	0.0272501791	0.08716703599999999	-0.0442622034	-0.2847008336	-0.2849892184	-0.3975322468	-0.9902206214	0.9788365991	-0.1598174769	0.5171357501	0.26206027	1.01404408	0.6575024129	1.144308968	0.44653967409999995	0.2648867285	0.06197728927	-0.6406303993	-0.6540591427	-0.37600068659999997	-2.433219209	-1.191230884	0.6139106701	-0.5372713563	1.6557985730000002	11429.649701011345	9300.739167095056
-0.0105093917	-0.0919379628	0.0310058448	0.085025586	-0.0499612674	0.0331012449	-0.09427328871	0.7658064845999999	0.08522154423	1.027205671	-0.051133802189999994	-0.143718721	-0.6301381415999999	0.295067274	0.5561064342	0.3501728736	-0.3426573543	0.2846531329	-0.04470752493	-2.6526977019999998	-1.754707436	-0.07361935532000001	-0.430692322	0.28346381449999997	1.171432289	-1.297228319	1.355913615	11391.819734254605	9305.427276062906
-0.0118165306	-0.0913188962	0.0347071157	0.0826189861	-0.055416925	-0.1647680579	-0.3453259649	-0.4571452164	-1.351019769	1.4499223959999998	0.7521529469	-0.9920398256	0.6871884486	-0.3640725968	-0.009736368284	-0.19335943170000003	0.4289042582	-0.3500735062	-0.7740233595999999	-0.1434947705	-1.105372824	0.045857630930000004	-0.6732262698999999	-0.6084393428	-0.06257436832	-2.445152297	1.121717127	11354.220965994222	9293.41182817792
-0.0131213658	-0.0906286218	0.0383474985	0.07995474129999999	-0.060602597	0.283031611	0.23685716920000002	-0.07363320315	0.316615393	1.053101928	-0.08881207451999999	-1.154623343	-0.7466469134999999	1.041038331	0.5727894218999999	-0.03507396787	-0.4861038006	0.24274097039999998	0.06614619989000001	-1.4869345880000002	-1.5780133109999999	-0.68984699	-0.8007786070999999	0.29147569289999997	0.1535179117	-1.047728751	0.5455485869	11359.71426617348	9304.58531354757
-0.014423643	-0.089867678	0.0419206067	0.07704115980000001	-0.0654930192	-0.04647554722	-0.09232343188999999	1.023050321	-0.658465286	-0.2248720482	0.0456538999	-0.4290157957	-0.836187802	-0.9120696401	1.0614421059999999	0.5887784804	0.3799631943	-0.43246338310000004	-0.2424245609	0.1619166145	0.5066291704	-0.6062531696	-1.092405246	-1.362966098	-0.9076855867	-0.09003969333999999	1.77025132	11338.414284233198	9309.031945905404
-0.015723108200000002	-0.0890366581	0.045420172	0.07388732769999999	-0.0700643661	-0.19568262579999998	0.3760506967	-0.2174745066	-0.2587392411	1.114921885	-0.5633001854	-0.1263172247	-0.7098292484000001	1.804107301	1.0858877679999999	0.9521845515999999	-0.474871062	0.8930782804999999	-0.08154046625	-0.35758875219999997	-0.33987321719999997	-1.4432894569999999	-1.660458393	-0.5913814118	0.6549578543	-0.1631400204	0.9408874590999999	11375.310955559717	9309.789850202818
-0.017019508200000002	-0.08813621	0.048840054800000005	0.0705030801	-0.0742943663	-0.2698370317	0.198348335	1.1330346409999998	-0.6478688713	1.0426205309999999	0.2146986795	0.2911395354	-0.2115617765	-0.2232848761	0.2513571835	-0.16997896829999998	-0.1375085287	0.32152749210000003	-0.1462075423	-1.382161696	-1.882689635	0.18000852120000002	-0.005390214085	-1.0650701999999999	1.253541177	-1.941780839	1.6733908659999999	11347.044860338183	9305.642201485607
-0.0183125903	-0.08716703599999999	0.0521742556	0.0668989706	-0.0781624119	-0.2744144454	0.1254404721	-0.686082858	-0.9819402326000001	1.157456157	1.189353951	0.031475442379999996	0.5549372128	1.496913675	-0.6852866364	-2.1378297980000003	0.1448925983	-1.221746234	-0.552182435	-0.9658608634999999	-0.1269376383	0.0006269351142000001	-0.4930928007	-0.9608374637999999	0.31022473510000004	0.306398948	0.5886110343	11330.221428523653	9298.439555452118
-0.0196021022	-0.0861298917	0.055416925	0.0630862386	-0.0816496581	-0.150266647	0.2951543032	0.6128432217	-0.49552968280000004	0.1033037351	1.27485089	-0.7534980497	-0.040170250069999996	-0.45036293	-0.4387556306	-2.197658494	0.16101257019999998	-1.060875135	0.027254001469999997	-1.2377149729999999	-0.8458606117	-0.5518667339	0.7810168331	-0.47970498549999996	-0.09105837409	0.7681894806	0.02733992115	11276.358357635916	9294.569604849929
-0.0208877927	-0.085025586	0.0585623743	0.0590767739	-0.08473911529999999	-0.16690376140000002	0.1755915468	-0.6479234614	-0.7198289625	0.2580775488	1.539360214	-1.639532002	0.42035933259999997	0.5264926565	-0.6508717268	-1.660633401	0.2650440681	-1.158255579	-0.18416423010000002	0.06297190827	-0.5164530919	0.2257294984	-0.9800552712	-0.8462049821	0.6468125903999999	-1.304236122	-0.1800158472	11286.259245906465	9301.592216848174
-0.022169411	-0.0838549798	0.0616050853	0.05488308	-0.0874157321	0.07503678047000001	0.4405525204	0.7075919533	0.6894014939	0.5201890968	0.6930331499	-0.7063808004000001	0.02492028162	0.3190367686	-0.3526956217	-0.8791834999999999	0.125426072	-0.7049054813	0.07821584469	-0.9945516513	-1.7390482809999999	-0.37794736590000005	0.03237535605	1.071427207	-0.4814697737	-1.665100408	0.42618244549999995	11333.459924483626	9319.920909912176
-0.023446707400000003	-0.0826189861	0.0645397201	0.0505182347	-0.0896664683	0.3511254646	0.4028516767	-0.3820425407	-0.7574420713	-0.6412648353	1.659230885	0.6495055050999999	2.140157428	-0.47669418539999997	-0.1622810774	-0.4935434007	0.5571770592999999	-0.6245577365999999	0.2631643609	1.033826519	0.4181194833	-1.22613474	1.3649093319999999	-1.212463857	0.3177882951	0.5145132121	0.17032307579999997	11336.580049363227	9312.929071107355
-0.0247194328	-0.0813185686	0.0673611302	0.0459958498	-0.0914803584	-0.19671245559999997	0.05401265432999999	0.161783288	0.13495893050000002	-1.560780951	0.5643068358	1.3704381330000002	1.046523965	0.9228033983	0.5036652532	1.019961636	-0.48071979340000004	-0.157482438	-0.5067288277	-1.3481648080000002	0.3492224107	-0.6230776986	0.1834713679	0.08706191571	-1.32323728	0.9438724873000001	-0.7739821399	11354.543142323953	9311.900011825666
-0.025987339100000003	-0.07995474129999999	0.0700643661	0.0413300281	-0.0928485654	0.2086512845	-0.04758354103	0.5976507393	-0.36083765659999995	-0.1889069344	0.1603385413	0.5512240001	0.6469477767	-1.283579443	-0.09833103131000001	1.083642931	-0.9317388972	1.950159622	0.1674902433	-0.19899154300000002	0.6743008164000001	1.512574167	-1.160695572	-1.5559732259999999	-0.8249708991	0.3882508685	-1.638975038	11329.340032708154	9296.439263590335
-0.0272501791	-0.0785285677	0.07264468519999999	0.0365353199	-0.0937644235	-0.47952583509999996	0.05491038711	-0.640726802	-0.0237813606	-0.8978991534999999	-1.7012366509999999	0.01290723976	0.2207766702	0.7500035893000001	-1.217164579	0.8249804893000001	0.3373904001	1.482717659	-0.6312398886999999	-0.9662536518000001	-0.34731635450000004	0.7085629417	0.2473178739	0.16824243789999999	-0.7386584989	-0.09890419186	0.0488922	11296.456407186433	9292.172826453208
-0.0285077067	-0.07704115980000001	0.0750975609	0.0316266773	-0.0942234708	0.10683567390000001	0.34855741590000006	0.7288952315	-0.2155911641	0.5885555846	-1.136789278	-0.333564021	-0.054723342120000004	-1.16544649	-2.2917759159999997	0.398396993	-0.09747480311000001	1.4925679680000001	-0.11803353	-0.3884712817	0.3043589969	0.9078233440000001	0.6186708086	-0.728548208	-0.17928253289999999	-1.035998721	-0.2377624029	11277.313133427868	9284.233363338488
-0.0297596766	-0.0754936776	0.0774186899	0.0266194078	-0.0942234708	-0.3937045967	0.2040964768	-1.050011528	-0.134686861	-0.534077231	-1.628957275	-0.8714700784	0.08726244393999999	1.190565616	-1.414065428	0.1123590401	0.5535926605	1.1113006140000001	-0.6375686225	-0.590463186	0.2131362746	0.3079534826	0.8199665998000001	-0.18792938039999998	-0.13770075880000002	-1.107081315	0.08873764844000001	11256.607235592359	9294.240677162532
-0.0310058448	-0.07388732769999999	0.0796040002	0.0215291265	-0.0937644235	0.20989233870000001	0.4007105016	0.9684866806	0.5310274899	-0.2928678726	-1.249518704	-0.5251505834	-0.08508404262	-0.6228458365999999	-1.597092355	0.5045505919	-0.03314178506	0.9493725793000001	-0.29951524760000003	-0.6599042428999999	0.23804500239999998	0.7995477523000001	0.4756451008	-0.9210629028	-0.814721336	-0.7192138599	-0.08529079646	11265.73523149882	9296.372210438554
-0.0322459684	-0.0722233627	0.0816496581	0.0163717072	-0.0928485654	-0.7370810252	-0.0071804193189999995	-0.6398169769	-0.02413095883	0.3572940738	-1.30314297	0.2009437692	-0.22059683	1.4483803219999998	-2.206840099	0.6326031019	0.1779484938	1.0038216759999998	-0.5084874743	0.1498260202	0.4619574789	0.9724253132999999	0.7192039904	-0.5032184537	0.2106920363	-1.140191405	-0.20477519510000003	11283.45282400471	9305.592346849511
-0.0334798055	-0.0705030801	0.08355207469999999	0.0111632332	-0.0914803584	-0.2447596627	0.17029557609999998	0.8448109881	1.071145177	0.6051787129	-0.5874691496	0.6728326616	-0.9731581455	-0.4304295175	-2.450782426	0.23904534989999998	-0.2455099614	0.03663017824	0.039413073289999996	-1.028026468	0.5421287190999999	1.151656895	1.2206357159999999	0.8035823874	-0.3347746207	-0.8579492476	0.2628372958	11286.287641802226	9308.553317693571
-0.0347071157	-0.0687278213	0.0853079126	0.005919946999999999	-0.0896664683	-1.122938959	-0.6902015248000001	-1.15465867	-1.2950220140000002	0.9429442322	-0.9902194404000001	-0.35803928310000005	-0.041328038160000004	0.3648491018	-1.029268122	0.3088978419	0.24086018760000003	0.4579543757	0.3335730048	1.267549206	1.22100763	0.8071926551999999	1.1491745740000001	0.8152966902	-0.043891907060000006	-1.306224978	-0.4567594754	11298.548405393836	9303.006231289526
-0.0359276596	-0.0668989706	0.0869140914	0.0006581995	-0.0874157321	0.1375953267	0.32996821649999997	2.014541146	0.353052084	-0.5502660468	0.38313379950000004	-0.6225112502000001	0.19352207920000003	0.9445741215000001	-1.669359808	0.35903503270000003	-0.289653626	0.7305652261	2.032853109	-0.25962488170000003	1.376885694	-0.04370706463000001	0.4263732189	0.6519894546	1.013893324	-1.0011858340000002	0.2603456661	11341.959745224209	9302.902215098622
-0.0371411994	-0.0650179541	0.0883677934	-0.0046056005	-0.08473911529999999	-1.559777529	-0.5836466211	0.8009277742	0.40886899509999997	-2.834830068	-2.3721264890000002	0.015154472050000001	4.061009548	-2.789039261	1.307523079	-3.933805328	0.4686703536	0.7610923381	-0.5904354264	4.275492415	1.067062183	-1.273172419	-4.0717029039999995	2.9215115989999996	2.378958237	-1.667421473	0.268416425	11238.491335014449	9334.629391966322
-0.0383474985	-0.0630862386	0.0896664683	-0.009855038	-0.0816496581	-2.222830433	-2.2113674480000003	0.6563564053000001	1.465632799	0.2418519644	-1.561408431	1.211538489	0.4464417029	-1.2023439870000001	-0.8244139909	0.251843949	-0.7927983298000001	2.044654055	-0.05053789852	1.64302782	-0.3960836439	-0.3767525085	2.46114541	2.978157813	-2.483595893	1.944703663	5.093940387	11378.471551262845	9306.815677270528
-0.0395463216	-0.0611053303	0.0908078376	-0.0150737429	-0.0781624119	-0.444163441	-0.6317735211	0.3677598703	0.45564232950000005	0.8835257247	-0.30461851149999997	1.4002289540000001	1.498944986	-0.09243805847999999	-2.2197906119999997	1.616215154	-0.05048955401000001	2.240411226	0.4990039238	3.0124868960000004	1.696819551	-0.5294770604	0.4480248368	-0.18921932379999998	1.155693932	-0.8375925616	-0.3387428379	11391.230576439426	9300.019193624508
-0.0407374351	-0.0590767739	0.0917898992	-0.0202454408	-0.0742943663	-1.4021986690000001	-1.060083009	0.042034243889999996	1.2621148229999999	0.40826389869999996	-1.027233945	1.671042643	0.7397260901999999	-0.8770420964	-2.202238716	0.6484626153999999	0.4912723371	2.02630552	0.7619408025	0.8782244046	-0.28097284570000003	-0.022154663230000003	1.471388265	0.7296630553	-0.1683410648	-0.1645127657	0.1849289098	11334.101514340751	9293.180548235761
-0.0419206067	-0.0570021512	0.0926109301	-0.0253540038	-0.0700643661	-0.7544404837	-0.9605204344	-0.1113826006	0.2063432187	0.7988850425	-1.146088368	-0.01752872185	0.6276778896	-0.16422577689999998	-2.126291384	0.6875781931	-0.4482447447	0.08032928676	0.5387301921000001	2.552679766	1.75908045	0.3772855485	0.7017605186	-0.6168130166	1.99903265	-1.02853338	-0.5382118869	11295.632173721104	9274.664971969389
-0.0430956059	-0.05488308	0.09326949	-0.0303835011	-0.0654930192	-1.156274813	-0.7175256049	-0.1235638391	0.5061525556	-1.05964069	-0.41893600340000003	-2.385592487	0.5210501084	-1.1912833	-0.2268537198	-1.272311003	0.7204314881	-1.3688894409999999	0.3661023469	1.041856196	-0.3830007131	-0.5887442779	0.8826590281000001	0.8956365103	2.029951491	1.442312861	-0.6026691997	11239.69201727044	9289.202314887812
-0.0442622034	-0.0527212125	0.0937644235	-0.0353182483	-0.060602597	-0.35897702159999995	-0.2669501265	-0.01465535655	1.236646755	0.3301006305	1.4721301409999998	-1.407739331	0.6371005269	0.4066905972	-1.1341138309999999	-2.193227071	0.2901991803	-1.3690969069999999	0.4568352406	2.327587144	-0.7529961808	0.7124668504999999	0.37754680799999996	0.010463660520000001	2.078505008	-0.08379500536000001	-0.22888371429999999	11284.066819951306	9306.096451543925
-0.045420172	-0.0505182347	0.0940948623	-0.0401428566	-0.055416925	-1.157562073	-0.518742413	0.36931322829999996	1.77800763	0.8345889504	0.901294295	0.1604019125	0.6985529576	-0.01608060105	-0.35917070590000005	-0.7981614622	1.423694695	-1.032117934	-0.3381549029	1.8612915	-1.188850752	-0.4571377007	-0.2487479576	1.565974916	-0.018294998030000002	0.7209706734	-0.8157613435	11376.85440255779	9324.352403121327
-0.0465692858	-0.0482758643	0.0942602268	-0.0448422805	-0.0499612674	-0.6082840909	-0.5680974196999999	0.4235933755	0.7349586604999999	-1.002946984	1.4582462840000001	1.692832254	2.4406339630000002	-0.019220645430000002	0.371467134	0.7366879501000001	1.50285146	-0.1966230174	0.05640182659	2.451002805	0.22095674059999998	-1.049167918	1.863037875	-0.4632694007	0.8432315134999999	0.6890972891	-0.86217974	11374.457894103169	9317.831418637252
-0.0477093208	-0.0459958498	0.0942602268	-0.049401865	-0.0442622034	-1.345629025	-0.6946313553	0.7049517528	1.343331496	-0.8010724697	0.2817193712	1.8146848619999998	1.290012959	0.9930839886	0.7583462989	1.571415634	0.43911499649999997	-0.844051222	-0.6265434758	-0.2864400799	0.5692836357	-0.4441315854	0.5475075693	0.9784219156999999	0.1995567	1.362471252	-0.8430901962999999	11342.577755110233	9308.672093963834
-0.048840054800000005	-0.0436799691	0.0940948623	-0.0538073912	-0.0383474985	-0.8340813492	-0.681199558	0.4097694761	0.1756822969	-0.4404399885	0.7837359439	0.7936857873000001	1.6554020619999998	-1.178882162	0.9153025645999999	0.5378633987	1.01828935	-1.143426858	-0.5331454712	1.6939005390000001	0.07947997039	0.15421288519999998	0.7528261034	-0.6872681792	1.1557598359999999	1.320669437	-1.075478221	11322.352533711472	9294.388094361262
-0.0499612674	-0.0413300281	0.0937644235	-0.0580451205	-0.0322459684	-1.063124092	-0.7879229111	-0.39358986479999997	1.299298686	-1.224428713	0.3499821305	0.4313562667	0.9003785718999999	0.7703021553	0.6396737187	0.9156267772	0.311385112	-0.17163183640000002	-0.7125717071	0.05631380615	0.2280613645	-0.2689284881	0.04131756225	1.043080933	0.09223591159	1.238515573	-1.370367104	11331.2827024695	9288.99463498108
-0.0510727399	-0.0389478592	0.09326949	-0.0621018379	-0.025987339100000003	-0.9099146148	-1.041139293	1.159508365	0.7149108551000001	-0.2834748594	0.8276923831999999	-0.09158386735	1.087256563	-1.3542964819999999	0.6594471599	1.330098469	0.3740206561	0.5629641639999999	-0.5988460536	1.360128389	0.4567626901	1.043113344	-0.006251701945	-0.3435011115	-0.09332005126	1.221023963	-1.3653257859999999	11311.532360003745	9281.846957914666
-0.0521742556	-0.0365353199	0.0926109301	-0.06596489230000001	-0.0196021022	-1.331019859	-0.8120254506999999	-0.6965314056999999	0.26073988929999997	-0.7223696299	0.3713685416	-0.2685829138	1.3154260229999999	1.235455162	-0.2838019608	0.4661750132	0.37954825189999997	-1.178902327	-0.22632979960000002	0.6216070572	0.5559529468	-0.6120145895	0.6233621413	0.9582235861	2.465743198	1.33254941	-0.8092120440999999	11263.393459372324	9290.090002640523
-0.0532655999	-0.034094291400000004	0.0917898992	-0.06962223719999999	-0.0131213658	-0.8765691929	-0.5462057226	1.098521508	0.8488768809	-0.2362911189	1.3404992690000002	-0.9796116031000001	0.8801619948	-1.3043978459999999	-0.7229335901999999	-0.1898478699	0.9995651690999999	-0.9365605012	0.9116670265000001	0.6181253876	-0.4789617307	0.19138897219999998	0.9465790770999999	0.459982747	1.794936041	1.916800284	-0.6921259631000001	11306.226611328126	9309.62746233066
-0.05434656	-0.0316266773	0.0908078376	-0.0730624671	-0.0065767034	-1.4887700169999998	-0.7300317174	-0.4581850648	0.3378207433	-1.721552419	0.3902685039	1.399907082	1.6188452340000001	1.616769829	-0.09770180787	1.3757001269999998	1.313941126	0.7942221954	0.2896500936	1.437821819	0.1088217655	-0.20831098620000002	0.6567897047	-1.3619861480000002	0.5342365072999999	0.7123654951	-1.261360205	11391.624538473889	9313.18457665732
-0.055416925	-0.0291344016	0.0896664683	-0.0762748537	-0.0	-1.029994499	-0.8034963555	1.793220896	1.152047722	0.6311585055	-1.189180992	2.586889371	-0.01576997244	0.1003815681	-1.535862184	1.3643005959999999	1.300740314	0.708089237	0.9698546856	-0.1123295955	-0.1919540525	0.775814734	1.37907477	-0.5403947743	-0.5618256232	0.04998845555	-0.9889872170999999	11423.629747699058	9311.324539905956
-0.05647648650000001	-0.0266194078	0.0883677934	-0.0792493794	0.0065767034	-1.470031801	-1.329455032	-0.8877697726	-0.46493516840000004	0.41989330560000004	-0.2734586148	1.753104115	-0.5031477844	0.2126360223	1.3055778279999999	0.4834460781	1.795301843	0.7415597162	0.11582234029999999	1.709920893	1.1379940990000001	-0.6607049147999999	0.41234125479999995	-1.484785356	0.9117035928	0.1595691245	-0.7800995031999999	11417.380864726028	9296.722980645864
-0.0575250377	-0.024083657	0.0869140914	-0.0819767681	0.0131213658	-1.078191874	-0.8636662379000001	0.5671936807	1.332882407	0.42414629509999996	-0.6380019215999999	0.4321494655	-1.8182922769999998	-0.02415726192	1.083195891	0.47263818590000006	0.7162017883	0.4166866843	0.6527098881	-0.7480482806000001	0.7899415856	-1.214050656	-0.9607248632	-0.15479594	1.285232445	0.273139139	-0.1677710214	11367.183029216609	9291.891566598484
-0.0585623743	-0.0215291265	0.0853079126	-0.08444851460000001	0.0196021022	-1.189864133	-1.336596285	-0.6458200304999999	0.31122898120000003	0.5785739799	-0.2304674525	-0.1636558648	-0.8235447001999999	-0.9774377000000001	1.0948209979999999	1.130110145	1.39127259	0.5092885129	-1.03060524	2.103239965	0.7624975377	-0.938327192	-1.4205821230000002	-1.612533449	0.8683598022	0.10025591380000001	1.34518951	11395.422454917596	9284.619215142902
-0.0595882941	-0.0189578082	0.08355207469999999	-0.0866569108	0.025987339100000003	-1.006332485	-1.108785706	0.38097847090000003	1.5972094559999999	1.4961890740000001	-0.8684669191	0.0301379879	-1.513840481	1.369532715	1.008215343	0.5488979104999999	1.378041373	0.7699893447	-0.506443914	-0.1689375296	1.02783396	-1.4813475269999998	-0.5798510226	-0.040945582620000004	0.9798226901	0.7353688235	0.9406847883	11378.409089054476	9301.006160011531
-0.060602597	-0.0163717072	0.0816496581	-0.0885950699	0.0322459684	-1.120547569	-1.0596562790000001	0.9049704681999999	1.2043824109999999	0.5262103553999999	0.2808289515	1.121625715	-0.9741723727	-1.0417108309999998	1.162825066	0.7339688922	1.725289232	1.247590578	-0.7960444651999999	0.940811469	1.5186237569999999	-1.002701104	-1.164453433	-0.8031067740000001	0.7725987062	0.5516156368	0.8402097111	11414.558616491866	9305.115783674533
-0.0616050853	-0.01377284	0.0796040002	-0.0902569478	0.0383474985	-1.039105121	-1.221212778	-0.46928504039999996	0.8349229275	1.2209673220000001	-0.6064066686999999	1.448076022	-0.1474777851	0.993704585	0.9629825208	1.4389871280000002	0.5807690475	0.8821683506	-0.9340476995	0.05932739082999999	-0.46411131689999996	-1.320185786	-1.952853945	-0.7022437887999999	2.024529194	0.2607543804	1.071171869	11467.945202803938	9300.378162960931
-0.0625955636	-0.0111632332	0.0774186899	-0.0916373619	0.0442622034	-0.958870647	-1.3784057330000001	0.4207276633	0.02993673437	1.5466753080000002	1.20654836	0.45892050479999996	0.3017544511	-1.288624513	0.1496079758	-0.6975934394	1.071789787	-0.04251573393	-1.097017865	-0.1292637903	-1.3150498	-0.09236117004000001	0.8346524147	-0.8623079966	2.6279871669999997	0.1775456745	1.256189669	11359.122831161709	9285.503670681635
-0.0635738388	-0.0085449216	0.0750975609	-0.0927320076	0.0499612674	-1.307557413	-1.511966085	-1.275569841	-0.2742715658	-1.025845011	1.33291553	-0.7103903515000001	0.9559110697	0.37591178659999996	0.5399926067	0.139147214	0.08719866804	-0.33554176760000004	-1.3674728969999999	0.24921306420000003	-0.08510490127999999	-1.707504524	-0.08218885051	-0.05191757235	1.608176359	0.7185835205	-0.8038919976000001	11312.1088402317	9280.017690441837
-0.0645397201	-0.005919946999999999	0.07264468519999999	-0.0935374711	0.055416925	-1.0057399329999999	-1.028098461	0.0445790691	0.46994025219999996	-0.7826243923	1.1829578859999998	-2.004692477	-0.1521972543	-1.312590016	0.2343345544	-1.181579875	0.7535238986	-0.7041202781	-0.6068049848	-0.13458911640000001	-1.344887278	-0.5543631144	0.1476183814	-0.1214015369	1.502894636	1.1565880990000001	-0.9383098609999999	11244.511517417593	9278.945282125856
-0.0654930192	-0.0032903561	0.0700643661	-0.0940512406	0.060602597	-1.204375605	-0.9232272127	-1.101382087	0.3470239881	-0.07867231882999999	1.325152218	-2.164319076	0.7255191832	0.2206839929	-0.26527653510000004	-2.172597567	0.6824320884999999	-0.489730249	-0.8825351145999999	0.8237894829000001	-0.6448973077	-1.04911478	-0.03824367342	-0.7282006352	2.778781048	1.18255682	-1.140211649	11232.534589375537	9280.341372041965
-0.0664335504	-0.0006581995	0.0673611302	-0.094271714	0.0654930192	-1.06074641	-0.9169323785	0.8620548161	1.1071685820000001	-1.593160237	1.313309539	-1.289190599	0.17378011399999999	-0.2708358266	0.6902633797	0.5474376945	-0.19150773	-0.4762288485	-0.7735908839	-0.2016191823	-0.7580591788	-1.0702714009999998	0.5881994406000001	0.2826556125	-0.0003960958223	0.8247121354000001	-1.884957961	11263.661058901433	9289.077368076314
-0.0673611302	0.0019744703	0.0645397201	-0.0941982038	0.0700643661	-1.239256147	-1.120012044	-0.5298303963000001	0.6826226039	-2.080890042	0.4792740047	-1.4859064640000001	0.7290386156	0.1733568305	0.7402604387	0.7360762292	0.24581359190000002	1.8599088519999998	-0.6037810558	1.083661808	0.021444517360000002	1.201559049	-0.9556127940000001	-1.8013462740000001	0.9417890358	0.7400176363	-1.552584288	11267.83844646297	9290.403276708728
-0.0682755779	0.0046056005	0.0616050853	-0.0938309391	0.0742943663	-0.7792461618000001	-1.12077891	0.4731057546	1.20953828	-2.394207488	-0.275698992	-1.4970197319999998	-0.0323814833	0.034505073430000005	0.3797961815	0.603135129	0.08114061797000001	-0.5170636912	0.535079943	-0.7359010431	-0.40239044189999995	0.6116178318	0.266557052	-0.136421798	0.38850620399999997	0.7254538378000001	-0.37099498399999997	11257.552348766587	9296.645331102476
-0.069176715	0.007233139300000002	0.0585623743	-0.0931710653	0.0781624119	-1.305341461	-0.9386430420999999	0.0391402449	0.3150729606	-1.21372551	0.3145698464	-1.547237756	1.037282055	-1.265791976	0.2287990529	0.7714169893	0.1078044338	1.98558649	-0.3355231567	1.573305045	0.2932776512	1.8336331080000001	-1.158396025	-1.371408706	0.7720814991	0.6577746385000001	-1.209785217	11262.883460977631	9305.133799862197
-0.0700643661	0.009855038	0.055416925	-0.0922206402	0.0816496581	-0.7613668190999999	-0.4147524782	0.2748380248	1.719278644	-1.072273205	-1.638779626	-0.1904077862	0.4920635483	1.431517105	-1.602071623	0.5318758077	0.886226148	1.166751065	0.8204754543	-0.3551748089	-0.6602768921	1.533474019	0.2978593645	0.37701653119999995	-0.0452106704	0.08643724724	0.5780488237	11278.551356819882	9308.119544668622
-0.0709383579	0.0124692521	0.0521742556	-0.0909826276	0.08473911529999999	-1.256888835	-0.5738397009	0.7108295731000001	0.7956068676000001	1.224175923	-1.36355696	-0.07523886412	0.4916353538	-0.8252334619	-1.934000706	0.21294742170000003	0.7380587635	0.5375999094	0.1219671784	0.8495962390999999	0.7988394795999999	1.132803976	1.2009014999999998	-0.1231790768	-0.2624954284	-0.5825084276	0.18366168870000002	11286.08981431935	9305.433643293603
-0.0717985202	0.0150737429	0.048840054800000005	-0.0894608883	0.0874157321	-1.134788819	-0.3572129646	0.23659443149999998	1.5377034859999998	0.36900323479999997	-0.8790456797	-0.20383597239999998	-0.8296032481000001	1.252218904	1.2687679379999999	-0.5374166949	1.4359227959999998	0.9360602323999999	-0.129682242	-0.061510627529999994	1.909196769	-1.015715805	1.1621109729999999	-0.003140861126	1.18121222	-0.3658736283	-0.5800732232	11284.704353060788	9300.74228442727
-0.07264468519999999	0.0176664798	0.045420172	-0.0876601678	0.0896664683	-0.912174358	-0.6831828007999999	1.008758062	1.257561438	0.13262711189999998	-3.7132953399999997e-06	-0.359457556	-1.705987151	-1.138630274	1.072693319	-0.3333381593	1.584405314	0.9063324868000001	0.2505437876	0.7047417109	2.389490182	-1.032575489	-0.5433297174	-0.7068479555	0.47928021270000004	0.2446423436	1.0938938740000002	11287.854421620828	9293.644230208478
-0.073476688	0.0202454408	0.0419206067	-0.08558608150000001	0.0914803584	-1.2091898909999999	-0.5477911946	-0.607019592	1.185257078	0.2691741368	-0.8844941608	-0.3622541717	-0.8022806757	0.7630510636	1.3516215880000002	0.8117280168000001	1.428315526	0.6102889831	0.16245265779999998	0.8389239714	1.083657452	-1.7103725319999998	-1.3565314290000001	-1.504408133	1.242131662	0.38252440090000006	0.1607435695	11319.077602271509	9290.912337653572
-0.0742943663	0.0228086151	0.0383474985	-0.0832450974	0.0928485654	-0.8258032637999999	-0.5470529532	1.195835287	1.4986905719999999	1.048222292	-0.1269573785	-0.1546124996	-0.43516985729999996	-0.5421033148	0.5614914455	0.3089111517	0.6212496246	0.4922308342	0.8474548762999999	-0.40430437469999997	-1.244398324	-0.3513054372	-1.006573105	-1.636680661	2.293133106	-1.317215387	0.9655371818999999	11340.21170202804	9289.751531531872
-0.0750975609	0.0253540038	0.0347071157	-0.0806445158	0.0937644235	-1.129138135	-0.8896171756	-0.7018896008	0.4134176486	1.0272675	0.6614817426	-0.5433093785	1.279345949	0.8538082408	-0.38195357609999997	-1.387001265	0.8167701251	-1.5188747999999999	0.1113284126	0.6606051713000001	-0.47419212060000004	-0.5445489018999999	-0.3193891935	-1.5512105219999999	1.345414725	0.39699693770000005	0.9699508903	11311.67622270976	9287.335672502462
-0.075886115	0.0278796223	0.0310058448	-0.0777924467	0.0942234708	-1.204730825	-0.8345287920000001	0.5704378518	1.269180779	-1.307119693	1.2741284290000001	-0.87352486	0.6731884086	-0.5209990967	-0.4926683232	0.3974778933	-0.3915027921	-0.02253908308	0.24999288530000002	-0.25312074510000004	0.2140674014	-1.042009784	-0.23567079170000002	0.04543587006	0.7826679482	1.3163749059999998	-0.8608926283	11283.427039744756	9291.885201122735
-0.07665987490000001	0.0303835011	0.0272501791	-0.0746977839	0.0942234708	-1.053114972	-0.7838466314	-0.310828504	0.5538012049000001	-1.249354997	-0.2825283413	-0.9765127551999999	1.081813567	-0.2858475623	-0.8403208007999999	1.165160449	0.8531643101	2.055306626	0.20519291039999998	1.904821109	-0.2978597756	0.9463035579000001	-1.013773213	-1.553210734	0.03294943265	-0.31782335219999996	-1.190225027	11310.713729732983	9281.768202617412
-0.0774186899	0.0328636878	0.023446707400000003	-0.0713701783	0.0937644235	-0.9796844274	-0.6588441999	0.5670388704	1.45312067	-0.9850537111	-1.850142671	-0.8666491715000001	0.3292931113	0.6871573718	-2.338687491	-0.04339022577	0.9348920681999999	0.9473548395999999	0.6551073746	-0.295046927	-0.42208107689999996	0.1393596676	0.34789552119999995	-0.2763185594	0.637495764	-0.6230825377	-0.3649714775	11295.012148169948	9296.504958680363
-0.0781624119	0.0353182483	0.0196021022	-0.0678200068	0.0928485654	-1.144313165	-0.8004604273	1.071129131	1.0982369220000001	0.6820884236	-1.3855017440000001	-1.005653732	0.7014002047	-0.6955066893999999	-2.055728655	-0.1074626506	0.8896745537999999	0.3777379289	0.3413441182	1.414854293	0.8724614689	1.0962732659999999	0.5779112707	-1.0512870140000001	0.2962446539	-1.064357284	-0.15639661230000002	11270.12832900792	9308.569591215313
-0.078890896	0.0377452688	0.015723108200000002	-0.0640583405	0.0914803584	-1.356415485	-0.159316102	0.146393493	1.898359549	0.5811368586	-1.141647845	0.5142511195	-0.07748987289	1.605188605	0.7488801733	-1.142919512	0.4797196822	0.3074772825	0.7581338389	-0.34024986869999996	1.7661113990000001	-0.8917616240999999	1.188845265	0.1571475376	0.7017144784	-0.9936567583	-0.6404476151	11252.900389956121	9310.156054390507
-0.0796040002	0.0401428566	0.0118165306	-0.0600969101	0.0896664683	-0.9981563585	-0.6213059667999999	1.611535054	1.0999757140000002	-0.3538430785	0.1141269731	0.5947883278	-0.7725337925	-1.236506695	1.154245972	0.5780906258	1.064417635	0.4750105394	0.9988481692	0.7217605684	2.203497874	-1.230248835	-1.450584851	-1.027955714	0.2820129682	-0.38057818200000004	1.243888072	11347.854343696492	9300.242073023224
-0.0803015854	0.0425091422	0.0078892227	-0.0559480692	0.0874157321	-1.168654995	-0.6881468028	-1.314011725	0.7578472831999999	1.630692419	-0.3277281713	0.1852214916	1.016471415	1.33727393	0.3840488332	0.508875317	0.2508013987	0.6680447513000001	0.4942067225	1.133183633	-0.9788737273999999	-0.9697465706	-1.578857845	-0.8824810938	2.041948032	-1.3762107140000002	1.740657589	11380.689106311536	9292.61123511262
-0.08098351570000001	0.0448422805	0.0039480745	-0.0516247558	0.08473911529999999	-0.3852664149	-0.6928870827	0.8177311026999999	1.179714283	1.133593109	0.7969429109999999	-0.5954366664999999	0.21646989170000003	-0.9259458061	0.009491661097	-0.4073528736	0.7546751081	-0.1415473108	1.3414798620000001	-0.3107839457	-1.3109720759999999	-0.2965456918	0.3050714991	-0.5067488015999999	1.8784734	-2.766408002	1.5545320630000001	11304.864771176692	9288.498654087902
-0.0816496581	0.0471404521	0.0	-0.0471404521	0.0816496581	-1.193889054	-0.9482316515000001	-1.376360105	0.5089249552	1.473098976	1.207987602	-0.5667880771	1.464734077	0.8206642041	-0.6102091968	-1.18049509	1.460017088	-0.8485451836	0.16142225529999998	1.485400218	-0.3400740276	-0.2951218106	-0.9689480776	-0.9893789251999999	1.189650638	-0.8407275676	0.6722361481999999	11334.229111261235	9285.49501310543
-0.0822998827	0.049401865	-0.0039480745	-0.0425091422	0.0781624119	-0.6492465444	-0.7474293586	1.673188357	2.308201603	0.3156429919	1.4559017980000002	0.02285508951	0.2158269693	0.3089416917	-0.6146543707	-1.128054077	0.6355186592000001	-0.9387264829	0.6949373934	-0.5018846358	-1.1492516320000001	-0.324083665	1.152741455	-0.5256635946	0.21049462030000002	-1.393584229	0.2648511357	11319.250770882383	9291.859413203925
-0.0829340628	0.0516247558	-0.0078892227	-0.0377452688	0.0742943663	-1.158727832	-0.6819986843000001	-0.5704694893	0.4733907377	0.2582114198	1.591287167	0.4220652594	1.919431795	0.45710400149999997	-0.75368022	-1.512837705	1.121165496	-0.5833297726	-0.003657251252	2.094997637	-0.2842744041	-0.3035363729	0.5075518626	-2.7201729589999997	0.6931416539	0.1645280621	-0.2252696778	11367.659033537564	9300.040400042337
-0.08355207469999999	0.0538073912	-0.0118165306	-0.0328636878	0.0700643661	-1.0620872540000001	-0.4376852732	1.389203067	1.9033577240000001	0.5997055243	1.110120103	1.3703652519999998	1.256889055	1.622604521	-0.25869136800000003	-1.269343954	0.5392693952000001	-1.037939068	0.7929326451	-0.5344488555	-0.1318461797	-0.929316351	0.9993188306	-0.8854397787999999	-0.4428374079	1.306797819	-0.7492487819	11407.295746936536	9301.595202964085
-0.084153798	0.0559480692	-0.015723108200000002	-0.0278796223	0.0654930192	-1.588128199	-0.36692824479999997	0.4370980492	-0.1121123197	-0.0175967116	1.186529062	1.0049852670000001	2.7450178889999997	-0.7410952987999999	0.4411948095	-0.01648507372	1.409406207	-0.8612603204000001	-0.4917449007	1.079709544	0.2689230044	-0.9899783064	0.8006143055	-1.453815471	1.369955064	1.380824777	-1.589528399	11388.212698656893	9301.613333493531
-0.08473911529999999	0.0580451205	-0.0196021022	-0.0228086151	0.060602597	-1.3989247180000002	-0.6670623464000001	0.4841585354	0.9326926378	-1.2173339220000001	1.009487702	0.6039652543999999	2.215040255	0.5134213353	0.4480279047	0.8248042476	0.8001633992	-0.21895993100000002	-0.3065729525	-1.330673387	0.6201491426	-0.8920723617	0.7618090803	0.4675774419	0.4838614315	1.1451497609999999	-1.240141262	11364.011944162028	9291.628333596123
-0.0853079126	0.0600969101	-0.023446707400000003	-0.0176664798	0.055416925	-1.150193713	-1.025835469	0.2864187636	0.286958102	-0.6138230246999999	0.3420852015	-0.05490868978999999	2.2354376069999997	-0.8574976839	0.7760112291	1.218885158	0.003376870371	0.7582643789	-0.08518810051	-0.1407750062	0.6592507493	0.528030152	-0.6887453026000001	-1.9402927540000001	-0.08450941533	1.295802538	-1.93746988	11361.2642066433	9283.69739846126
-0.08586007890000001	0.0621018379	-0.0272501791	-0.0124692521	0.0499612674	-1.152671031	-1.124523489	-0.1069171889	0.9786569718000001	-0.872189022	-1.187045514	-0.3394459123	1.335228515	0.2287097605	-1.775922588	0.3426593545	1.3116141140000002	2.1839320030000002	-0.1588893619	-0.5989357033	-0.331526917	0.8999646559000001	-0.1970811071	-0.7585437773	0.40664105409999995	0.1928354693	-0.07871047681	11337.602637387627	9282.062155624695
-0.0863955067	0.0640583405	-0.0310058448	-0.007233139300000002	0.0442622034	-1.337433921	-1.366291563	0.2172527026	1.2335707	0.6707843093	-1.620544845	-0.7442918411	0.6654000846	-0.727492514	-2.5575462680000003	-0.1487634447	0.5450404346	0.33653864850000004	-0.30257480670000003	0.07474998556	0.3537205809	0.6303998559	0.9552248002	-0.6802798272	0.8953239283	-0.6419924118	-0.5775639733	11265.1937252515	9279.20653689392
-0.0869140914	0.06596489230000001	-0.0347071157	-0.0019744703	0.0383474985	-1.173391006	-1.213404485	0.2302986646	1.356666775	0.6391022754	-0.9160445106	-1.6383973109999999	0.7544440984	-0.01936029429	-0.21861102149999997	-0.7747049443	1.130888023	1.046084505	-0.292442188	-0.4775926052	1.276291518	0.048579485199999994	1.151687338	0.5315248393	1.3379568990000001	-1.120830187	-0.8664475246	11250.713036440495	9282.927586824157
-0.0874157321	0.0678200068	-0.0383474985	0.0032903561	0.0322459684	-1.1327221170000001	-1.068415173	0.7858487529000001	1.302272689	0.3486391323	-1.201580176	-0.6652384957	0.3449570164	0.2579367313	0.9662828828	-0.6694743659000001	1.3341328000000001	-0.3408419523	-0.3213698277	0.34781357350000003	1.491990951	-1.169316185	1.19089583	-0.6986686888	0.3220320337	-0.6300173096	-0.13625135230000002	11255.47619729238	9298.537235191458
-0.0879003309	0.06962223719999999	-0.0419206067	0.0085449216	0.025987339100000003	-1.233314525	-0.8317736906000001	0.8497057584000001	1.877613055	-0.2652245239	-0.9939764484	-0.3155992164	-0.4856155435	-0.9465777608	1.42551779	0.2668404386	1.385859762	1.501849855	-0.6350661473	-0.05096743136	1.4117270119999998	-2.1597831469999997	-0.7841387539	-2.168036762	0.6857609884	-0.1794709194	-1.062339996	11299.596524507706	9292.617106232288
-0.0883677934	0.0713701783	-0.045420172	0.01377284	0.0196021022	-0.7890432587999999	-1.2065378	0.4335618707	1.9712293630000002	1.277485282	0.06391480366	0.19666193989999997	0.12211911800000001	1.070215738	0.39387294840000003	0.1124540391	-0.46478418619999995	0.8395075706	-0.2570491264	0.9510765809	-1.415400617	-0.793161717	-1.0197283940000001	-2.197347374	1.51193259	-2.211421566	0.8920470529000001	11282.24030728275	9287.710625388789
-0.0888180284	0.0730624671	-0.048840054800000005	0.0189578082	0.0131213658	-0.9595146890999999	-0.9479902109	0.1395100167	2.03139858	1.081534452	1.024873399	-1.341643952	0.27543521530000004	-0.5845313804	-0.4040833689	-1.7989267359999999	1.4797540580000001	-0.9792950523	0.01787738743	0.057456039339999994	-0.9472781269	-0.2482085135	-0.8054095103	0.0220985677	0.4420607283	-0.7393874723999999	0.84917444	11248.296215485872	9291.203754217282
-0.0892509482	0.0746977839	-0.0521742556	0.024083657	0.0065767034	-1.00951231	-1.359388939	0.43449759060000004	1.13232168	0.05196262486000001	1.446569912	-0.8772257899	1.174636169	-0.2094330029	-0.6452233338000001	-1.9280796880000002	0.7516911812999999	-0.6715796278	0.03761900965	1.722276086	-0.9266158178	-0.41111853880000004	1.285209088	-0.8531271305	0.8637164739000001	0.9829855839	0.1832141282	11265.354313596961	9299.757785770751
-0.0896664683	0.0762748537	-0.055416925	0.0291344016	0.0	-0.9080639301000001	-1.036405959	-0.003130067973	1.450429161	-1.4460319830000001	1.101543077	-0.4237689394	1.7708362969999998	-0.01221772807	-0.2955246063	0.031034382880000003	1.554715864	0.8602911786	0.683456352	0.2542091152	0.5892880107999999	-1.330688534	-0.2669167175	0.3973445728	0.40939291780000003	0.7310315704000001	-1.228515453	11314.719495799443	9296.319035570958
-0.09006450769999999	0.0777924467	-0.0585623743	0.034094291400000004	-0.0065767034	-0.7212355508	-0.9587813212999999	1.275574947	1.562338189	0.2910246535	-1.254392795	0.7011273493000001	1.348030729	0.6168334179	-0.8998463642	0.836619158	0.9884434129999999	1.431546042	1.140619702	0.6252111415	-0.4644774857	1.419296635	-0.1278934228	-1.329290115	-0.5174376177000001	0.31915009	-1.260675843	11336.177266160104	9296.794663222285
-0.0904449889	0.0792493794	-0.0616050853	0.0389478592	-0.0131213658	-0.919312548	-0.5910730288	-0.31803788829999996	1.6752394659999998	0.9568201145	-0.8520692062	-0.2485491834	0.2157415063	-0.9579873225	0.9582225766	-0.5012670583	2.058998145	0.8962729953	1.675195086	0.06653677542	1.676339258	-0.5610678072999999	0.7466304725	0.09528375892	1.086553596	-0.36642873600000003	-0.9991749798999999	11227.606769718535	9282.851162236271
-0.0908078376	0.0806445158	-0.0645397201	0.0436799691	-0.0196021022	-0.40071205880000005	-1.0316137859999999	0.7354322746999999	1.6855578880000002	0.2669916338	-0.09726615383	-0.5692821981	-0.5447328548	0.1125227608	1.331276947	1.066152977	0.8986327009	-0.03502973805	1.534779589	0.6618884563	1.510175144	-1.203927741	-1.908803232	-1.396815676	0.32149602780000003	-0.2873334678	0.9648648657	11275.767320272369	9278.772268837907
-0.0911529832	0.0819767681	-0.0673611302	0.0482758643	-0.025987339100000003	-1.1907925879999999	-0.5225416885999999	-0.01008958954	2.534316325	1.3562344519999998	-0.7418206437	-1.351186325	1.225677286	-0.9899866026	0.16065377179999998	-0.03693421223	1.103794172	-0.4430659047	0.7505795940000001	0.06141352826	-1.029249512	-1.146287447	-1.3647188590000001	-1.412618612	0.9896401136	-0.929925797	1.8576042240000001	11317.194113200983	9291.373673392358
-0.0914803584	0.0832450974	-0.0700643661	0.0527212125	-0.0322459684	-0.6966367144	-0.9355839288	0.5507246948	2.555510343	-0.07329649352999999	1.7195918380000002	-0.6219959812	1.846990434	0.8354597383	-0.702361593	-0.1476530305	-0.3199990268	-0.455828588	0.822240383	0.99562612	0.4819351625	-0.403612088	1.028198633	-1.661007052	1.836962609	0.8587827597	1.330794903	11276.013060185678	9290.9305255564
-0.0917898992	0.08444851460000001	-0.07264468519999999	0.0570021512	-0.0383474985	-0.7775979401	-0.7563400334999999	0.4065740033	3.2230868360000002	-1.6875416980000002	0.3979588637	-0.228691675	1.5436588969999998	-0.08395259832999999	-0.5563339539	1.737382521	1.289552557	0.1443192788	1.026251243	0.6935537662000001	1.033588393	0.1363747722	-0.2006721677	-0.10775684630000001	-0.6243716771	1.000554773	-0.7080493287	11351.751604304902	9308.542723596904
-0.0920815455	0.08558608150000001	-0.0750975609	0.0611053303	-0.0442622034	-0.43778311299999995	-1.03550993	0.6965781094	2.237767866	1.598925149	-0.6334715367	1.360763827	0.7978425073000001	0.793366778	-2.1413823830000003	1.381243435	1.015580639	2.023884819	1.651960981	2.135750203	0.1591866967	1.349535555	0.4367993156	-0.5165897115	0.26280440899999996	0.032677857989999996	-1.423195573	11391.145835562927	9297.375487066283
-0.0923552402	0.0866569108	-0.0774186899	0.0650179541	-0.0499612674	-0.9956571982	-0.9212663535	0.2625348551	2.206096889	0.9633711642	-0.9551677753	0.8505921025	0.5624895963000001	-0.2347425653	-0.5595073711999999	0.1615734943	1.240109252	0.15397475160000001	1.251557414	0.2316848262	1.3501583959999999	0.46330281149999997	0.9571294848	0.959611733	1.0735600859999999	-0.4295418784	-0.17156788550000002	11330.610514768836	9301.456681609843
-0.0926109301	0.0876601678	-0.0796040002	0.0687278213	-0.055416925	-0.8449806948	-0.9848290181999999	0.4818905392	0.9800283626	1.356861314	-1.173219032	-0.5902134688	0.8777100925	-0.3068740815	0.43517458659999997	0.1472151907	0.9052693764	0.2592293938	0.8441077306999999	1.509557534	1.178209619	-0.1469362563	1.36779026	-0.032527775089999995	0.6311894387	-0.3703595532	-0.9850816339	11295.873662912029	9292.552134856882
-0.0928485654	0.0885950699	-0.0816496581	0.0722233627	-0.060602597	-0.9829574111	-0.9101958915	0.29550050780000003	1.4687190380000001	0.697990935	-1.45289072	-0.5906248003	0.11163246859999999	-0.3560150918	1.148893074	-0.9366268329	1.300465907	0.48639485520000003	1.057047658	0.06866310036	1.861496288	-0.8400564526000001	0.5794829475	0.9127055681	1.117610823	-0.18660724280000002	-0.543371815	11293.965027691567	9292.021345328916
-0.0930680996	0.0894608883	-0.08355207469999999	0.0754936776	-0.0654930192	-0.8472442567	-1.647046999	1.162179419	0.4631580321	0.1225829981	-0.1266077546	-0.43874840909999996	-0.9431672068000001	-0.051796743480000004	1.464881815	0.0872903543	1.5282926469999998	0.9519127701000001	1.190704457	1.9025559730000001	1.979875045	-1.082095729	-1.278096875	-0.46139296409999997	0.4468841904	0.5134921567	0.5215670845	11351.738641441032	9284.124985555407
-0.09326949	0.0902569478	-0.0853079126	0.0785285677	-0.0700643661	-0.6377649120000001	-1.701663329	-0.1902955199	0.1858649353	0.6780700226999999	-1.513577735	-1.0457974829999999	-1.0394316829999999	-0.1714374983	1.493173408	-0.2650404898	1.10405705	0.4473586834	1.8315946909999998	-0.4106490636	1.225007551	-2.042865861	-1.1442105040000001	0.349277601	0.9109536454	1.01251894	1.315968859	11319.941798547196	9292.057387423969
-0.0934526974	0.0909826276	-0.0869140914	0.0813185686	-0.0742943663	0.6096851528	-2.633447805	2.192947786	-1.13940234	1.050116436	-0.6596382211	-1.245683733	-0.9782236789000001	1.408952173	0.4900030897	0.0942926566	0.6307762929999999	-0.08930294205	3.489361478	-0.4206282061	0.505661014	-0.9094475644	-0.5278978923	-0.9007228829999999	-0.2563429682	-0.3141314069	0.2475613019	11324.8503488201	9295.63207137087
-0.0936176859	0.0916373619	-0.0883677934	0.0838549798	-0.0781624119	-0.8768265709	-2.298772221	0.9043548229999999	-0.4526868813	1.138076156	-1.483477451	-0.2115499974	-0.031136952069999998	1.467883803	-2.000856554	0.7212156316	0.7047460984999999	0.02692375591	1.9148437680000001	-0.5090999963	0.3746293828	-0.36859888729999996	-0.6238069663	-0.22433627309999998	0.268623657	-0.8353041445	-0.6872304468000001	11306.764501953125	9308.895894441612
-0.0937644235	0.0922206402	-0.0896664683	0.0861298917	-0.0816496581	-0.43389319369999996	-1.930938241	1.704009845	-0.176604275	0.5222087902	0.4955756212	0.5077719055	-0.5922828857	1.7962220230000001	0.8822758997	0.3091438312	0.994265948	1.438597892	2.393040515	-0.2662406188	1.00848325	-1.119080832	0.6987365406999999	-0.4943314351	0.2364297546	-0.5507306382	-0.9914045404999999	11348.439042433647	9292.54683733606
-0.0938928815	0.0927320076	-0.0908078376	0.08813621	-0.08473911529999999	-0.75739231	-1.732586679	1.393269088	0.1631406897	0.4728635726	-0.349827961	0.5808574919	-1.033272534	1.65350702	0.6968302601999999	-0.26897146510000003	0.5525075942000001	0.4771895637	1.88716054	-0.7321783520999999	1.188010142	-1.0731184679999999	0.4511187744	-0.6646106567	1.3661872419999999	-0.33854065920000004	-0.5791406311	11335.436449191997	9292.817341368669
-0.094003035	0.0931710653	-0.0917898992	0.089867678	-0.0874157321	-0.6379918011	-1.9631035490000002	0.8391179879999999	-0.3815159807	0.45401490590000004	-0.38824706579999996	-1.336586477	-1.080804936	0.2837827261	1.047404802	-0.3441695211	1.412141527	0.2801332889	2.154524922	0.6858069498	1.3165428829999999	-1.238148028	-0.2290982673	-1.135391558	-0.2454731584	-0.191651617	-0.3036728429	11301.49668403521	9283.56755007279
-0.0940948623	0.0935374711	-0.0926109301	0.0913188962	-0.0896664683	-0.5434627619	-1.866066402	0.8870868516	0.1194447332	0.385126654	-0.5888263497	-1.277323454	-1.620735297	0.8020003458	1.055912708	-0.5248826272	0.9745668048	0.8042446203	2.431973784	-0.2973701345	1.553643172	-1.7759736609999999	-0.4182261046	-0.1624369169	1.028625112	0.08481070706	-0.42623969450000004	11317.936232475386	9286.624118609821
-0.0941683457	0.0938309391	-0.09326949	0.092485339	-0.0914803584	-0.1808703114	-2.207601415	1.684033915	-0.2835049327	0.032139654100000005	-0.2039004558	-1.302706381	-1.307910188	0.20045524829999997	1.044115079	0.01011195887	0.9581747173999999	0.6188197196	2.9221359039999997	-0.04406887762	1.575161859	-1.6305853419999998	-1.795394345	-1.3441953219999998	-1.162247292	0.13234707099999998	0.22659559640000002	11300.471552266159	9282.679601102427
-0.0942234708	0.0940512406	-0.0937644235	0.0933633689	-0.0928485654	-0.966379512	-1.854652531	0.5198628632	0.5033792102	0.7406610494	-1.301981824	-0.9433660016	-0.4548378564	0.9199770209	0.7322898189	0.5512789703000001	0.5236497881000001	0.3946653118	2.087049736	-0.6857314718	-0.1664694903	-2.2348565	-2.04055755	-1.930035339	0.34184940280000004	-0.2976198099	-0.05195093039	11336.618850666204	9295.019566619005
-0.0942602268	0.0941982038	-0.0940948623	0.0939502478	-0.0937644235	-0.22114955579999998	-1.8899568619999998	1.6473370040000002	0.7794148987	1.521182222	0.5110373938	-1.290466005	0.6053573976	1.200282018	-0.1359823147	-0.08036570873	-0.08779027652999999	0.03569501055	3.197979125	0.03397517954	-1.526816986	-0.48941403200000005	-0.9602365434000001	-1.890662881	-0.7634451115	-2.531202714	1.145674865	11306.388371548588	9283.479644733205
-0.0942786066	0.094271714	-0.0942602268	0.0942441455	-0.0942234708	-0.8830209529999999	-1.705277912	0.22102964670000003	0.7763048532	1.021451249	-0.04933646773	-0.8817716154999999	0.1424491783	2.0030833390000002	-0.389085177	-0.7350852198000001	-0.2126438407	-1.116326984	2.626824884	-0.4006565371	-1.506509855	-0.8563509484999999	-0.20843372010000003	-1.2437175109999998	0.09589775286	-2.58105687	0.49740798090000005	11269.681229933647	9296.781340582447
