0.0930462698	0.0930398161	0.0930290603	0.0930140029	0.0929946445	0.5861087301	-1.375647155	-2.82711428	-0.22122345850000003	1.100182449	0.8290627476000001	-0.020291157639999998	1.660790306	1.026418541	1.4163494330000002	-0.42075951429999997	1.2929580509999998	0.03655779597	0.4571165696	-0.19554948219999999	0.6644947165999999	-1.850679601	0.3924104998	0.1861243802	1.945483844	11871.139275007352	9379.139453623106
0.0930290603	0.0929709861	0.0928742226	0.0927388101	0.0925648049	0.4278905597	-1.7126449730000002	-2.465461026	0.014028276840000001	-0.0166699102	0.5077904947	1.028268861	1.094963425	0.4858310771	1.397597257	-2.515927355	1.686802868	2.465016762	0.7113191223	-0.3290910432	0.5788554215	-2.564304126	0.44715950409999994	-0.45809109840000006	2.279157701	11829.575458485591	9381.789151190358
0.0929946445	0.092833377	0.0925648049	0.0921892388	0.0917071126	0.50415031	-1.8025522090000001	-3.5550067469999997	-0.7046446632	0.146797586	1.055941097	-1.109775601	1.6580266559999999	0.15289891960000002	0.3545754379	0.2561031573	1.409129206	-0.1351985064	1.330907454	0.6284514082	0.5883582749	-1.464743941	-0.6314219003	-1.204013385	2.091749778	11761.212326213878	9377.7138815772
0.0929430287	0.0926270906	0.0921013223	0.0913669149	0.090425532	0.1364958844	-1.364861435	-2.775960178	-1.047129982	1.2542940470000001	-0.11692265539999999	0.07909870706000001	-0.4707109072	-2.018582322	0.08716723411	-2.843068787	0.2000400671	0.3837394222	1.005605407	1.0403632870000001	0.9280327561	0.9537553815	-1.018446951	0.3207975155	1.172928026	11730.461059570312	9368.399146607795
0.0928742226	0.0923522795	0.0914845461	0.0902742713	0.0887259867	-0.1731347032	-1.781196358	-2.6927428260000004	-1.2736272370000001	-0.7262673297	-0.6390207472999999	0.4935269332	0.4331902591	-1.62402156	0.1722094214	-0.200831024	0.1355309931	1.35564539	0.36059608950000005	0.08467943792000002	0.8399001604999999	1.024855471	0.09469455629000001	-0.5251321458	1.119145801	11703.043235204554	9369.51938707628
0.0927882388	0.0920091471	0.0907155029	0.0889145408	0.0866163325	0.1659304509	-1.563884413	-2.3691557480000003	-0.5121501044	0.7066520691	0.3462093953	0.3740842059	0.09496631232000001	-1.716872314	0.6430509512	-2.402052898	0.2785027353	0.8192981689	-0.6665057805	0.5411518381	0.5165969469	1.804215598	-0.6394750694	1.0039813709999998	0.9420526076000001	11771.023900185864	9374.819385332912
0.0926850932	0.0915979471	0.0897954726	0.08729174619999999	0.08410632050000001	0.2404512416	-1.49870915	-2.3633475269999997	-1.344629751	0.1531498901	0.5546614433	2.2542524669999997	0.2723828843	0.4337346069	0.5303155312	-0.1792980977	-0.5227684278	1.296820083	-2.253492123	-0.7446577038	-0.1805832652	0.554195054	-0.05307759368	-0.0005014373499	0.1648377376	11765.488438760081	9360.661711721184
0.0925648049	0.0911189838	0.0887259867	0.0854106889	0.0812075526	-0.2087071916	-1.354402338	-2.548546742	-1.1838888909999998	0.7081224801999999	-0.6344382095000001	-0.3254211674	-0.21678724010000003	-2.216007585	0.06601996866	-1.584053051	0.5247545544	0.37938963810000004	-0.0016823637109999998	0.40521920100000003	1.830005753	1.102081836	0.270032748	0.1046125834	1.152926388	11694.624974404613	9379.942369391338
0.0924273962	0.0905726114	0.0875088252	0.0832769341	0.07793342730000001	0.28564995039999996	-1.356062742	-2.480291587	-1.4474117169999998	0.03807279609	0.12086187960000001	-0.2335787193	0.4493225678	-1.3512077080000002	0.2837515325	-0.5159955504	0.493569782	1.5609705919999999	0.9115687904	1.339667413	0.3923463132	1.286191522	0.01217956639	-0.35228603070000003	0.725455973	11744.35217875819	9383.264653141823
0.0922728925	0.0899592343	0.0861460138	0.0808967948	0.07429907849999999	0.3479718436	-1.213282636	-2.0440512159999997	-0.6175155717	1.490577885	1.206897705	0.3375375967	0.1416627278	-1.38286211	0.6131897897	-0.4119420962	0.124342364	0.1029303269	0.0635765883	0.48619500509999997	0.6351831413	2.163345572	-0.12943083390000001	1.284019217	0.9347730126999999	11773.381322060864	9384.37038159823
0.0921013223	0.08927930619999999	0.0846398209	0.0782773129	0.0703213046	0.38791543219999997	-1.474121136	-2.2128619169999997	-1.0581325959999999	0.5879001452	0.8971002456	2.195442579	0.060976189910000006	0.1434313727	0.8105552854000001	-2.101687098	-0.01317334517	1.162393767	0.23003238469999998	0.4997506749	0.8790558633	1.6316494240000001	-0.5403924671	0.6150980685	0.7986148022	11801.020373928934	9382.903956779985
0.0919127174	0.08853333	0.0829927534	0.07542623849999999	0.0660184918	-0.09207932385999999	-1.839023441	-2.420544488	-0.5535638801	-0.380390822	0.5425897118999999	1.6494325459999999	0.3331972455	-0.6065744564	0.7874833036	-0.5921003022	-0.005850892635999999	0.07102748331	-0.33671478270000005	0.07638324286	0.09698575491	2.144908434	0.2353422959	0.49639766479999997	0.749492185	11798.263764412173	9373.086155836021
0.0917071126	0.08772185769999999	0.0812075526	0.0723520068	0.0614105286	-0.2702385109	-1.237955525	-2.087562113	-1.537387268	1.127656062	0.37332714759999996	2.058610428	-0.2496449734	0.4667842803	0.3166780155	-1.6415427740000001	-0.29882011	0.5945343679	-2.188250051	-0.2024184913	0.7143840867	0.663145028	0.256908333	0.8580754218000001	-0.3609640373	11748.690296460225	9358.390244088048
0.0914845461	0.0868454896	0.0792871898	0.0690637132	0.0565187138	-1.027884977	-1.858069789	-2.082304038	-0.9571467614	-1.136830426	-1.072001897	0.20490392510000002	0.02761736498	-1.6265096669999999	0.1635245849	0.03999990716	0.07004488381	0.9449441101	-0.18285498	-0.4607331371	0.8024396965	1.066301241	0.2476876277	-0.8566629097	0.304220816	11673.601317703084	9365.927349727259
0.0912450589	0.08590487390000001	0.0772348614	0.0655710866	0.0513656584	-0.8168964536	-1.245333739	-1.493319738	-1.2488469290000002	0.7406452890999999	-0.17262854719999998	-0.27753513949999997	1.01786226	-1.383458425	-0.09967801158	-0.6809181917	0.1862197553	-0.2120411425	-0.8602764804999999	0.7856540626	0.444936548	1.428767255	0.8284062227	1.734252065	0.8027894325	11735.176636398479	9386.89559539596
0.0909886953	0.0849007066	0.07505398320000001	0.0618844603	0.0459751808	-0.2178188968	-1.635775414	-1.148260576	-0.2800810645	-0.4703393258	1.6331037080000002	0.5215456558	0.2757076141	1.068250747	-0.9598801263	-1.7993105319999998	-0.8483603616	1.166737445	-1.281290907	1.280813097	0.1169145316	1.303288467	-1.521103919	-0.029915712119999997	-1.06314521	11767.824421544228	9373.715309201438
0.0907155029	0.08383373059999999	0.072748185	0.0580147416	0.0403721968	-0.19069591079999998	-1.105106268	-1.473874365	0.9009206388	0.9192730509999999	0.91154109	-0.3070425571	0.42778420100000003	0.5530579552	2.540757104	0.9182940468	-0.4391960203	-0.7900613945999999	0.272339526	0.8378607793	0.37379165189999997	-0.7749893321	-0.9139051855	0.2720173382	-0.33640439479999995	11729.626399870842	9361.487588884069
0.090425532	0.0827047351	0.0703213046	0.0539733795	0.034582604700000005	-0.6011456223	-1.454036144	-1.8157921559999999	-0.08402365725	0.12269705980000001	-0.9004899419	-0.017815144619999997	0.5531226015	1.294634041	1.305567124	-0.9915269669	0.006425725341	-1.090896107	-1.628473976	0.173927489	1.609814717	-1.1871417990000002	-1.6594554069999998	-0.1237724731	0.4836861156	11668.097474457116	9366.621216339172
0.0901188363	0.0815145553	0.0677773814	0.049772331	0.0286331649	-0.6176678871	-1.7512790390000001	-1.4177352069999998	0.452847085	-0.21001414370000002	-0.9749850859999999	-0.04991161047	-1.1194508159999998	0.4656061444	2.219002031	-0.07472878848999999	-0.1781982451	-0.43593797450000005	0.002429600729	1.023186923	-0.2402685901	-0.6522851089	-0.5823263488	0.5397588466	1.338636312	11711.182520712575	9365.307055297402
0.0897954726	0.0802640719	0.06512064940000001	0.0454240252	0.022551377	0.2871620457	-1.8788473490000002	-1.651022456	0.9184113742	-0.40116619789999997	0.07284644606	0.2826662229	-0.7270096545999999	0.2957902661	1.38097943	-0.8557674488	0.031961319960000005	-0.5681247411	-1.4025569359999999	0.8588455459000001	1.077329067	0.06606442022	-1.606609323	0.3056514659	1.4794800380000002	11753.222513178345	9382.688037538299
0.08945550070000001	0.07895420980000001	0.0623555305	0.0409413271	0.0163653521	0.3038728495	-1.2789768320000001	-1.592007551	0.07919809929999999	0.6786292439	-0.07606822667	-0.0447681443	1.042054755	2.0830017069999998	1.317761149	0.05700793462999999	1.3752323780000002	0.009877387657	0.6568272376	0.035886034469999994	-0.007583964356	-0.21972321600000003	-0.2014256959	0.7893966464	1.0642965009999998	11754.943478820143	9379.861369633747
0.0890989834	0.0775859381	0.05948662690000001	0.0363374993	0.0101036834	0.08760569488	-1.509790406	-1.7029578859999999	-1.071402177	-0.3197461618	0.05036987627	-0.7835035104000001	1.226271132	0.9878298524	0.47109827810000005	-0.6799510355	1.308565855	-0.3627512567	1.075803801	0.36506052549999995	0.745139233	-1.690067894	0.522520682	0.3108147718	1.926108788	11700.548196772092	9382.475700224924
0.0887259867	0.0761602691	0.0565187138	0.0316261628	0.0037953135	-0.3079300139	-1.728412251	-1.579028125	0.0129692891	-0.4427408592	0.5471465325	-0.053883770889999995	1.023743812	-0.9405450786	-0.09111109153	-0.7499589946999999	1.1511815840000001	0.3137540808	1.9699418180000001	1.2730376	-0.840638873	0.5248465643	-0.481120716	1.194402379	1.198826792	11724.004673455349	9367.944293875302
0.0883365796	0.0746782574	0.0534567308	0.0268212567	-0.0025305991	-0.1829028911	-1.614184331	-1.313297233	-1.271230487	-0.44273130549999995	0.2577749153	1.114640591	-0.3172448298	-0.5299949887	-0.2293689684	-0.14178467919999999	-0.3609263296	-0.2577722102	-1.5566791919999998	-0.7433414384	1.189927016	0.6168180804	-0.6237253424	0.9701361905	-0.5900449520000001	11740.35135904948	9369.694724321027
0.08793083410000001	0.0731409993	0.0503057744	0.0219369967	-0.0088448147	-0.7091150422	-1.8563057680000001	-0.9954357845999999	0.1094419422	0.11751227119999999	0.1970527918	-0.8005431462	-0.2215437498	0.8162766168000001	-1.3329628409999998	-2.211506247	-0.7866593083	0.18539407260000001	-0.7003533002	1.6436669330000002	-0.23371618940000002	-1.273643533	0.457967395	0.49749804299999995	-0.061201995579999995	11687.299353814895	9346.374702797357
0.0875088252	0.07154963219999999	0.047071089	0.016987833600000002	-0.0151181479	-0.325534579	-1.8132101230000002	-1.064885176	1.028376983	-0.595035109	-0.6884260828000001	-0.3275495744	-1.8714577940000001	0.37174575530000004	1.781541669	0.6764694473999999	-1.273076714	-0.4199270975	-0.5343761324	0.03777159321	0.35622586310000004	0.38990513689999995	-1.5017336369999998	-0.6226619892	1.410565129	11627.478452620966	9337.1489506865
0.087070631	0.0699053334	0.0437580584	0.0119884099	-0.0213216021	-0.5306309425	-1.50185839	-1.070922138	-1.060369503	-0.2697373447	-0.931418208	-2.337395606	-1.629412347	0.7684499862	-0.3790178975	-0.8252249687000001	-0.2814104072	-0.36478401950000006	-1.525697295	-0.8019386635	0.3216242513	-1.072726612	1.69824781	0.5925568937	-0.1586887323	11656.48334855931	9366.265153322249
0.0866163325	0.0682093192	0.0403721968	0.006953517199999999	-0.0274265036	0.6706632500999999	-1.9356717730000002	-0.5774974522999999	1.031616337	-1.263525525	0.5918349017	0.6319709198	-1.730299737	-1.001570579	-0.5025310887	-1.135498769	-0.01688082024	1.8325454840000002	-0.013013688700000001	0.9996603943000001	0.5851037658	0.43696082979999995	-1.689749867	0.6600165234	0.8157452465999999	11741.119823824973	9386.048858703112
0.0861460138	0.0664628444	0.0369191397	0.0018980517	-0.0334046344	0.3759161994	-1.5382491040000001	-0.8172766629000001	0.4363580747	-0.5215964594	0.2932088601	-1.003256627	1.879812756	1.215271462	1.8902657019999998	0.7750712240000001	1.206166621	-0.1394067682	0.44393847909999995	0.47837462350000004	-0.2331266182	0.10952914050000001	-0.3043420301	0.5710257809	-0.4748442294	11733.540565408686	9380.69829213636
0.08565976189999999	0.064667201	0.0334046344	-0.0031630294	-0.0392283624	0.20948307370000002	-1.848402558	-1.04304939	-0.3315365359	-0.7882128023	-0.1872057634	-0.19711455449999998	1.325034396	-1.2626618379999999	-0.2731601205	-1.300381376	0.6267319935	-0.4453768223	0.6956548365999999	-0.2070897214	0.3175673608	-0.0495793396	-1.1771534259999998	0.9098208882	0.8336929233	11717.424385973201	9377.043579758783
0.0851576666	0.0628237173	0.0298345303	-0.0082147524	-0.0448707692	0.3143353241	-1.6235070040000001	-0.8625218312	-0.8300718004000001	0.5571105938	0.055945228449999995	0.3117099425	-1.088089487	-0.3394276147	-0.4313484567	-1.867014309	-1.475581829	-0.6191571204999999	-1.0760659	-1.7948249980000002	-0.33201367190000003	0.27048921730000003	0.40532273700000004	0.6104583722	-0.6715089329999999	11695.675989294563	9348.649976782774
0.0846398209	0.0609337573	0.0262147696	-0.013242171	-0.0503057744	0.36533444509999996	-1.67639529	-1.014395439	-1.210564028	-0.7358888992	-0.341559244	-1.3798278469999998	-1.276699825	0.5772980893999999	-0.5388519446	0.3437867449	-1.444633771	0.35880380219999997	-0.5239493248	0.6079895627	-0.6350361689	-1.9597877890000002	0.37291346729999997	-0.5343851421	0.7011584823999999	11607.520459903184	9338.12534576788
0.08410632050000001	0.05899871900000001	0.022551377	-0.0182304111	-0.055508256500000006	0.4418329358	-1.534872248	-0.6716324184	-1.281859667	1.040783647	-1.465310347	-0.9202760272	-1.764633586	-0.8979133176	-0.5709218236	-0.16407107810000002	-0.6162392077000001	-0.7257689401	-2.9907834560000004	-1.7159979230000002	0.0411460392	-0.7354917992	-0.324173286	1.1374513529999999	-1.2707553040000001	11650.349090248024	9363.22598276114
0.0835572642	0.057020034	0.0188504498	-0.023164714500000003	-0.0604541685	1.212081435	-1.8048669469999998	-0.6412552953	-0.5656532161	-1.026424416	1.060042224	0.058940953770000006	-0.8165667853	-0.1047374974	-0.16087413720000002	-1.5543101540000002	-0.8251891559000001	1.8695608890000002	-0.5510413579	1.630493255	-0.011156470770000001	-0.42114577740000003	1.154256438	0.03373164606	-0.3317765148	11748.237888787382	9376.497155405435
0.0829927534	0.0549991661	0.0151181479	-0.0280304823	-0.06512064940000001	1.626806105	-1.920927812	-1.32156432	0.9364088548999999	0.5613820349	1.8271598130000002	-0.23976156269999999	-0.8303050040000001	-0.45863694450000003	0.2771162579	0.5829181628	-0.7554939303	-0.7900385423999999	-0.2396424313	1.2338679670000001	0.4441936482	0.5459620458	-0.3910933929	0.1534082409	1.739159088	11754.930902296497	9378.941180995856
0.0824128925	0.0529376103	0.0113606834	-0.0328133187	-0.0694861298	0.7052262432999999	-1.7386252759999998	-0.9118305205	1.526502379	-0.3346877463	0.6452734552	1.8085674390000002	0.9249169209	0.3150513006	1.558116195	-1.930611595	1.3137643890000001	1.064298948	-0.49040838020000005	0.8828242561	-0.0109978759	-0.9194995468000001	0.1045231868	0.2056032108	-0.08104560497999999	11774.369960990005	9365.823458448082
0.0818177889	0.0508368917	0.0075843101	-0.037499073	-0.0735304317	-0.3169661348	-2.133565967	-1.4443629040000001	-0.5681109966	-0.12172519359999999	0.7468289820999999	-1.1612028970000001	1.996778236	1.065546232	0.4009689351	0.9340799209	1.9554413959999999	-0.48766270159999997	1.327192863	0.485373978	-1.133074614	-1.0444554209999999	0.45947153799999996	-1.322848395	1.310828023	11671.116145964592	9358.493981369767
0.0812075526	0.0486985645	0.0037953135	-0.042073882	-0.0772348614	-0.6353836075	-1.582457246	-0.5449994179	-0.4438275169	1.639147287	-0.7495156191	1.291109139	-1.136403303	-1.948174817	-0.6176519598	-1.493061425	0.6430662686999999	0.4012398828	0.4229157582	0.5564418265	0.3578485228	1.6527158569999998	-0.7653122797	-0.34333288619999996	0.46473335039999997	11668.982114730345	9354.262644256738
0.0805822964	0.0465242105	0.0	-0.0465242105	-0.0805822964	-0.9092422079000001	-1.905300164	-0.8635377528	-1.047818193	-0.4614283729	-1.7301660159999999	-0.2512402271	0.4233571751	-0.9053887509999999	0.004292103242	1.167412652	0.006475964011	0.7026165020999999	-0.1489098858	-0.7439328836	-0.029467871349999997	-0.1082046636	1.07147499	-0.1266534178	0.620592639	11646.709878244706	9347.408790750522
0.079942136	0.0443154383	-0.0037953135	-0.0508368917	-0.0835572642	-0.5171279979	-1.5653068380000001	-0.5531103516	-0.2525376575	0.45075786549999997	-0.5264379009000001	0.01616746444	1.1243069890000001	-0.7078025563	-0.5943689662	-1.387765202	0.5987288543	0.9258108995000001	1.263605471	-0.3866148	-0.3911224018	0.9152754581999999	-1.218908871	1.911128406	0.6864772159	11681.62270625945	9373.549922987437
0.0792871898	0.042073882	-0.0075843101	-0.0549991661	-0.0861460138	0.09112500006000002	-1.3950202980000002	-0.6497916339	-1.187763162	-0.1385402478	1.4824776080000002	1.083350555	-0.0916777747	1.0729950940000001	0.225459871	0.05682615187000001	-0.8616306898	0.6795262089	-0.5463217920000001	-1.355162035	-0.1881982588	0.3015103477	-0.1714452009	1.418147966	-1.485630645	11752.357162639659	9374.652207878029
0.078617579	0.0398011998	-0.0113606834	-0.05899871900000001	-0.0883365796	-0.16167470039999998	-1.628040029	-0.8142288459	-0.2934322983	0.6438960133	1.191659321	-0.8073380707	-0.631913854	0.5352230393	-0.7218689309999999	-0.9088854812999999	-1.670712809	0.4105976836	0.2073895416	1.017320759	1.011868156	-0.7342780768000001	0.7161739638	-0.265898328	0.4424807607	11715.500044627857	9366.713546048146
0.07793342730000001	0.037499073	-0.0151181479	-0.0628237173	-0.0901188363	-0.5987473957	-2.143540577	-0.30632903170000003	-0.18411905760000002	-1.373518094	0.5644057395000001	-1.155301285	-0.7118278162	0.5293298243	-0.04856082485	0.4939804802	-1.115266777	-0.050660252999999995	0.3376958974	0.9025193240999999	-0.17458321870000001	-0.4802687732	0.48982559270000003	-0.5790935836	0.8445919029000001	11715.651967038391	9359.04324685862
0.0772348614	0.0351692048	-0.0188504498	-0.0664628444	-0.0914845461	-0.35226956670000004	-1.756372684	-0.5043387443999999	1.732165016	0.11380082050000001	0.262179231	-0.013090636210000001	-0.0943625311	-0.009997329113000001	-0.11976509490000001	-0.8894620105	-0.9938921822	0.01869102135	0.054825286560000006	1.069317668	0.3137254907	0.9659892926000001	-1.8336013930000001	0.7409307093999999	0.3870079458	11746.298354282175	9366.162837161732
0.0765220104	0.0328133187	-0.022551377	-0.0699053334	-0.0924273962	-0.6954072185	-1.9209015280000001	-0.6331480014	0.1275926785	-1.28216683	-0.6777111125	-0.7127056265	1.838406175	2.017289818	1.051153488	0.25933830129999996	1.146072478	-0.2801128089	0.2901688042	0.6813377295	-0.43697598320000003	0.8390722364000001	-0.45575857420000004	-0.1917689647	0.014727969730000002	11730.697870069936	9355.28819233826
0.0757950062	0.0304331576	-0.0262147696	-0.0731409993	-0.0929430287	-0.6330411294	-0.9975073893999999	-0.9930872790999999	-0.6983425173000001	1.59205531	-0.7149299308	-0.4010502505	0.1087748252	-1.884262289	-0.3471055377	-1.115802912	-0.4974622343	-0.8129817246	1.14970157	1.0800097709999998	1.078243935	0.7040822932999999	-0.4799893187	1.272309479	0.1379683069	11663.748057375671	9355.934216381234
0.07505398320000001	0.0280304823	-0.0298345303	-0.0761602691	-0.0930290603	-0.7885440901999999	-2.002055429	-0.6599292962	-0.5161317643	-1.159062245	-1.5723066540000001	0.49805590450000004	0.11608307960000001	-0.9425163079000001	-0.2596353126	0.08189895754	-1.182681502	0.06487003133	-2.091827877	-1.2611300429999999	0.5272389698	0.1118862726	0.03161341282	0.3634806025	-0.43836270159999996	11654.924325594338	9350.402100785457
0.07429907849999999	0.0256070703	-0.0334046344	-0.07895420980000001	-0.0926850932	-0.5990813563	-1.526484728	-1.20035522	-0.39726885409999996	0.9055066012999999	-1.311350238	-0.4643245457	0.3166218502	-1.9734811859999999	-0.5092677993	-0.7665103914	-0.2681085265	-0.2995056952	0.8465918694	0.02378927762	0.3033282942	1.5804939980000001	0.42485784200000004	1.985749837	0.1679593405	11685.933298418598	9371.171767215616
0.0735304317	0.023164714500000003	-0.0369191397	-0.0815145553	-0.0919127174	-0.045753454000000006	-0.5929977153	-2.765441664	-1.6046769680000001	-0.5450406924	0.44236031810000004	1.114508746	0.9371600984	-0.4139461535	-0.1506331531	-0.6578424715	-1.118931807	4.226955385	-0.4126004987	-0.38957170490000004	1.389646404	0.8486222614	0.0279302687	0.5436261534000001	-2.621348094	11725.016163815733	9392.726682598646
0.072748185	0.0207052216	-0.0403721968	-0.08383373059999999	-0.0907155029	0.2718207232	-1.4676189380000002	0.37311610520000005	0.49380341340000006	-0.134438533	1.41462923	-0.001698476544	0.02813622289	0.4996720815	-1.7412576709999998	0.2812392982	-0.9472608178	-0.7683119584	-0.4895920725	1.5861510719999998	-0.5592965258	-0.17188632420000002	-0.5144132702	1.011318111	-0.1697398356	11721.59164264638	9386.42000613776
0.071952483	0.0182304111	-0.0437580584	-0.08590487390000001	-0.0890989834	-0.27684302980000003	-1.003358	0.23064323539999998	0.6675080404	-0.49071928659999997	-0.4266764067	-0.1384117501	1.124529591	0.3790062432	2.331536957	-1.41022711	0.2884010678	0.06757290014999999	0.994466445	0.5462196570000001	0.11394469460000001	-1.2048214659999998	-0.3668076604	0.7275150167000001	-1.51723036	11682.141255696617	9368.26487894942
0.071143473	0.015742113999999998	-0.047071089	-0.08772185769999999	-0.087070631	-0.042555426560000005	-1.515885436	-1.073726558	-0.7449225970000001	-0.601521321	-0.599009366	-0.8238591281000001	0.8762370887	-0.9118510573999999	-0.5301800729	-1.4422353380000001	-0.1460327162	-1.002204667	0.3764391052	0.13967835210000001	0.6145450511	-1.093535946	-1.050299312	0.06495188921	1.048466076	11662.17632531607	9360.115467377444
0.0703213046	0.013242171	-0.0503057744	-0.08927930619999999	-0.0846398209	-0.3416936111	-0.8837147789	-0.1821602688	-0.8745548776000001	0.2131977028	-1.049566617	1.6025936790000002	-0.9621433193000001	-0.8762685924	-0.5780559831000001	-0.2642604624	-1.1989957390000001	0.2537948884	-1.071257382	-1.73163836	-1.052204769	-0.2040763327	0.1881771173	0.4283412633	-0.9663943782	11621.994856639576	9333.183541725699
0.0694861298	0.0107324316	-0.0534567308	-0.0905726114	-0.0818177889	-0.03526411724	-1.785402961	-0.44492401740000004	-0.6758459351999999	-0.6719092229000001	-1.976536314	0.38256302659999997	-0.07358772719	-1.8548229619999999	-0.7801119611	-0.08481456847	-0.6466829483	-0.6886012037	-1.231999858	-1.260596123	0.559913575	-0.1491120324	0.2478049563	-0.3768062157	-0.43692274189999997	11632.731145387055	9357.044406889787
0.0686381031	0.0082147524	-0.0565187138	-0.0915979471	-0.078617579	0.26604588149999997	-0.7980458270999999	0.132217348	-0.03044198422	-0.05686086083	0.6171517836	0.3684034956	-0.3258069807	-0.1047060301	-0.7971997383	-1.0900898559999999	-1.262687662	0.35844715109999997	0.5613261829	-2.005277715	-1.446339204	0.6146140878999999	1.583164755	1.47774395	-1.928838565	11693.513325352822	9364.760014539132
0.0677773814	0.005690995999999999	-0.05948662690000001	-0.0923522795	-0.07505398320000001	0.4970024114	1.4667862790000001	-0.2009793704	1.4259110640000001	0.5894643216	1.355153333	-0.568252419	-0.03605499809	-0.167457498	0.9577025794	0.1099473662	-1.02428444	1.1943195309999999	0.2215243446	1.166729568	0.48817389969999997	1.015966178	0.4837114428	-0.306679097	1.669477689	11698.274957472278	9389.776412016949
0.06690412379999999	0.0031630294	-0.0623555305	-0.092833377	-0.071143473	0.1847224082	0.9647339702	-0.7060764737999999	0.41707042829999996	0.1199119349	-0.1592042477	0.1572415282	1.5680858709999999	1.8060070259999998	0.6419324989999999	0.7982316512000001	0.6324940537	-0.9618392801000001	0.5924342219	-0.7550909909	-0.1597859707	0.23649504670000002	-0.5170188852000001	-0.17128050350000001	0.1645723594	11693.408698625459	9370.572780195125
0.0660184918	0.0006327229	-0.06512064940000001	-0.0930398161	-0.06690412379999999	-0.03020681829	0.7712859568000001	-0.2120177111	-0.41344641320000003	0.5141225372	-0.3606994785	-0.2484152277	0.49841901130000005	0.36967926799999995	1.363663836	-0.5858258208	0.2605281579	0.31814709420000004	0.8263155622	0.1454370883	0.7475277873	-2.275434778	0.5863172029	0.07951311957	0.647557877	11648.450072585896	9371.901430142436
0.06512064940000001	-0.0018980517	-0.0677773814	-0.0929709861	-0.0623555305	-0.4442026933	0.2596546486	-0.46728214030000004	0.9169851981999999	-1.637393631	-0.3229251053	1.255197747	1.41930903	0.5125292543	1.332502789	0.4805861603	1.0630527440000002	0.44493868700000005	-0.07784182696	0.2699035106	-1.25167431	-0.5830162004	-0.5274440418	-0.023601072889999998	-0.6482049177	11718.55516921833	9374.41982986394
0.0642107624	-0.0044274221	-0.0703213046	-0.0926270906	-0.0575187176	0.21731885	0.130911696	-0.1876919814	-0.3380243992	-0.281342866	1.488389586	0.18527576989999997	1.153613338	0.8096146067000001	0.2579020236	-0.5660626756	2.3105836930000003	-0.6410471784	1.4430347369999998	0.273208186	0.4462640639	-0.7157170569	-0.06980574847	0.9304721114	1.329792776	11760.522200389576	9385.834835304351
0.0632889993	-0.006953517199999999	-0.072748185	-0.0920091471	-0.0524160419	-0.6182975706	0.12477515060000001	0.07647796782	-1.253746349	-1.3003960490000002	0.031120403169999998	1.81229207	-0.4614092621	-0.3918254455	-0.6064104721	-0.06810548216	0.39132737659999994	0.6718874734	0.01101803831	-0.358540924	-1.228000747	1.1704188009999998	-0.5876756075	0.45598871609999997	-1.3336621370000001	11690.745589717742	9364.994695181886
0.0623555305	-0.0094744681	-0.07505398320000001	-0.0911189838	-0.047071089	-1.136216583	0.9247033134999999	0.8425836181999999	0.45064925200000006	0.09798611703	0.4642900343	-0.5123346397999999	0.130457392	1.287668794	-0.8824274871	0.6045679222	-1.249392536	-1.1173396690000001	0.08647087583999999	1.005067079	-0.102238207	-1.398945956	2.053296479	0.5652016961	-0.4240562407	11619.9212429908	9368.726669315849
0.0614105286	-0.0119884099	-0.0772348614	-0.0899592343	-0.0415085642	-0.6315777502000001	0.061836676279999996	-0.3410516564	1.753102159	-1.303235651	-1.096472284	-0.013854761090000002	-1.744355314	0.010315836540000001	0.736950051	-2.147692937	-0.5117068610000001	-0.8258541873999999	-0.3268187674	0.2556548993	0.2557494362	0.03238476409	-1.637373955	-0.7820623095	0.6660811917	11646.515221380418	9347.80401408973
0.0604541685	-0.0144934828	-0.0792871898	-0.08853333	-0.0357541787	-0.44295528	1.2061054820000001	0.09798656069	0.1076453764	0.7324525164	-1.5081457530000002	0.1884425279	0.1708579577	1.293453591	1.7955977090000002	1.41860201	-0.2940521505	-1.115908721	-0.6401288547999999	-0.01196240709	-0.1922005288	-1.66702303	-0.2317027505	0.2695216443	-0.178119933	11639.491344164775	9361.946979491357
0.05948662690000001	-0.016987833600000002	-0.0812075526	-0.0868454896	-0.0298345303	0.3562266186	0.042602423789999996	-0.8394789811	0.39557606799999995	-0.7397685327	-0.9199717743000001	-0.28398145210000003	-1.52314683	0.1575251434	0.6098055889	-1.257943464	-0.8580868558	-0.5159451015	-0.36418392549999995	0.5558506058	1.29844453	0.1388906899	-1.8877579969999998	-0.1899600436	0.7562679303000001	11725.290161132812	9386.28281017551
0.058508083	-0.0194696168	-0.0829927534	-0.0849007066	-0.0237769808	0.6130251189	0.7231555745999999	0.6577319709	1.12578198	0.2509846583	1.324896858	0.8507685459000001	0.9755492806	0.3834065826	2.350369794	0.9654624012	0.9223768966	0.7161006055	-0.2409497827	0.8412875225	-0.48133315880000005	0.3845867604	-0.1343981068	2.090660783	-0.08180801526	11812.22264968708	9396.827181506136
0.0575187176	-0.0219369967	-0.0846398209	-0.0827047351	-0.0176095295	0.980377119	-0.8592624637	-0.8698404590000001	-0.1787615521	-1.7134207030000002	2.078049309	0.6314561290999999	1.8577467980000002	1.140738974	0.3345903301	-1.288628691	2.419978149	-0.08503219088	0.5474671396999999	0.43294654670000005	1.6367763309999999	0.08544083943	-1.405686016	-0.4592338982	0.8068883424	11814.27905404696	9405.149223675704
0.0565187138	-0.0243881477	-0.0861460138	-0.0802640719	-0.0113606834	-0.10122513710000001	-0.06234667941000001	0.2671858026	-0.9283047253	0.47513802969999996	1.083568712	1.99807109	-0.7139297197	-0.03536507318	0.26396505989999997	0.2561007299	0.42403384969999997	-0.1592576393	0.7707544188	-0.02654380596	-0.2954220676	1.217707665	0.4328570618	1.020389905	-0.290264584	11749.761004704302	9369.245627191662
0.055508256500000006	-0.0268212567	-0.0875088252	-0.0775859381	-0.005059325999999999	-0.9274311243000001	0.056389047910000004	-0.1496551975	-1.249439115	-0.3977894346	-0.39586280560000003	0.1961458144	-0.2059484028	0.619272445	-0.5123787521000001	-0.8915751573	-1.289385993	0.011337019450000001	-2.219866361	-2.027110633	0.9331908419	-1.208718696	1.247327074	-0.9108391836	-0.22607154989999997	11603.945960916499	9361.33613812562
0.0544875326	-0.0292345235	-0.0887259867	-0.0746782574	0.0012654166	-1.370474386	-0.1144151971	-0.02672953599	-0.5937592478	-0.40124713079999996	-1.319508952	0.7757935840000001	-1.3119091809999999	-0.24310381809999998	-0.3468152231	0.6253376507	-0.12220783029999999	0.39054084479999995	-0.5078310082	-1.5518250080000002	-1.2511034509999999	-0.4546130783	1.362024635	-0.42797239299999995	0.02217161965	11638.612911757602	9351.881366888638
0.0534567308	-0.0316261628	-0.0897954726	-0.07154963219999999	0.0075843101	-0.7110786966	-0.2836396125	-0.04743021225	-0.7746655218	-0.668896892	-0.48031699450000004	1.207577228	0.15114558960000002	-1.300114223	0.2421884534	-0.4104224958	0.1556602506	0.15174172589999999	-2.167055168	0.06371123857000001	0.2906578732	0.5670111474	1.3762661	0.2605327885	0.6474566916	11707.463361186366	9376.197092533515
0.0524160419	-0.0339944055	-0.0907155029	-0.0682093192	0.0138681475	-0.3669996667	0.05800095055	0.8466856345	0.3298397897	-0.3661262843	1.993578494	0.8865509609000001	-0.07857419198	0.3667504451	-0.9160618306	0.5113955471	-0.3597024994	1.780476734	0.2335269855	1.495601814	-1.350407282	0.5397599679	-0.4181385855	0.8045939622	-0.27292773870000003	11722.596464423723	9369.515758796531
0.0513656584	-0.0363374993	-0.0914845461	-0.064667201	0.0200878836	-0.8479276455	-0.1733091539	-0.2700980488	1.3491992380000002	-1.662818743	0.06725490005	-0.5064869974	1.5380005980000002	0.3163289044	2.117957333	-0.2823130851	0.1572204186	-1.212745742	0.1040562677	0.5625052049	0.6881610839	-0.6824152218	-0.6207720136	-0.6537823561	-1.073234244	11711.313956311955	9373.027961538546
0.0503057744	-0.038653711	-0.0921013223	-0.0609337573	0.0262147696	-1.611540569	0.2689473541	0.45683158020000003	-0.6043795045	-0.4160529669	-0.43010831039999997	-0.5460345542	0.6647957446	-0.6884879719	0.2329195923	-0.8444354197	1.055675614	0.7475361639	1.558718894	0.1268918804	-1.421855849	-0.7672603558	-0.3449895394	0.4337629419	1.52894583	11616.900976037468	9349.524451973824
0.0492365861	-0.0409413271	-0.0925648049	-0.057020034	0.0322204857	-1.229597452	-0.09352747353	-0.3215489774	-0.7651096562	-1.6412059769999998	-1.391158839	0.9281511886	-0.1746306593	-1.780815307	-0.6099405013	0.1149547101	-0.9837786117	-1.404647051	-1.083141045	-1.072289186	1.6629685969999999	0.8680207695000001	-1.103781495	-1.16314054	-0.48280361619999995	11633.460020003777	9359.482166872918
0.0481582911	-0.0431986551	-0.0928742226	-0.0529376103	0.0380772724	-1.1640765290000001	0.344201417	0.532765708	-1.197977139	0.3117809806	-0.6753841793	-0.8907162492	-1.040114404	0.40186212549999994	-0.7506481674	-0.402855305	-0.6850542759	0.003861635319	-1.27276487	-1.1520640290000002	-1.903331609	-1.873385864	1.225794893	0.136787517	-1.412757592	11578.196077080183	9339.68222866561
0.047071089	-0.0454240252	-0.0930290603	-0.0486985645	0.0437580584	-0.337300052	-0.08256442459	-0.1673050939	-0.7134702053	-1.147733505	-0.9549102926999999	0.08380525771000001	-1.410281184	-1.173882956	-0.3758804995	0.8118853834	-0.21666537440000003	-0.31039515219999997	-1.444553484	-2.00425877	1.169984392	-0.9318891422	-0.2014569688	0.1300826596	-0.8117738603	11658.839632423977	9391.12044247773
0.0459751808	-0.0476157909	-0.0930290603	-0.0443154383	0.0492365861	0.39755730219999996	0.042235851619999994	0.3767777632	1.027309656	-0.5299180599000001	1.389565091	1.333993849	-0.5288763699	-0.4749748311	-0.9531114403000001	-1.483311771	-0.8915429981999999	-0.5540209972	1.117363554	-0.3345827816	-1.118591739	0.13952396039999998	0.6106220647	0.8609376337000001	-1.9623333040000002	11737.454889769197	9388.019439100577
0.0448707692	-0.049772331	-0.0928742226	-0.0398011998	0.0544875326	0.5233370378	-0.0005125054685	0.3908121362	2.3258714780000003	-1.265231065	1.6136773269999998	0.1049510183	0.277221471	-0.2373341513	2.339179735	0.9111364670000001	0.27804053289999997	0.3213279935	-0.2771797771	0.8907743847	0.2443117071	-0.33951831509999997	0.18890306199999998	0.06881386193	0.44092246020000003	11750.057045557163	9393.535845848684
0.0437580584	-0.0518920499	-0.0925648049	-0.0351692048	0.05948662690000001	-0.3080009685	-0.19325245219999998	-0.07601872961	0.1674401419	-0.8085599962000001	0.2872146706	0.09405604749	0.7500342709000001	1.016047298	0.05347790006	-1.6187557069999998	1.904156646	-1.2317454909999999	1.061747019	-0.1577911128	-0.7899373183	0.08013357887999999	-1.029189568	0.1724597781	0.9835590069	11713.323912917927	9374.423466445434
0.0426372543	-0.0539733795	-0.0921013223	-0.0304331576	0.0642107624	-0.6802472695	0.3380434446	0.6283177642000001	-1.492922071	-0.8731491948000001	-0.2056235732	1.7089602190000002	-0.8003428113	-0.43437822670000004	-0.04141479687	0.2809704627	-0.3765368629	-0.3995619029	-0.04592357108	0.1548474811	-0.7876695771	0.8111082331	-0.1371001978	0.19061849190000002	-0.6685901614	11657.580799389907	9358.366035078769
0.0415085642	-0.0560147802	-0.0914845461	-0.0256070703	0.0686381031	-0.9989469859000001	0.0536466814	0.5596511867	0.2615401002	-1.217080346	-0.11364230369999999	-0.7886339261	-0.6991145328	0.5926071328	-1.3498155059999999	-1.432698581	-0.9909467818000001	-0.5768675928	-1.016934658	0.2810874407	-0.3625299318	-1.38289541	1.737976797	-1.181134181	-0.5223524253	11578.637315975722	9349.268908757127
0.0403721968	-0.0580147416	-0.0907155029	-0.0207052216	0.072748185	-0.5800364934000001	0.1384741673	-0.008602380991	2.041556976	-0.8388464745	-0.6573140693999999	-0.3498329608	-1.7365108	0.1510879037	1.401196677	0.7408186911	-0.3256817125	-0.179810909	0.05777375731000001	0.2793094525	-1.816319627	0.2315623204	-0.39574298979999994	-0.9666663539	0.9003648623999999	11605.220671622983	9340.395531472486
0.0392283624	-0.0599717842	-0.0897954726	-0.015742113999999998	0.0765220104	-0.1233810855	0.9228719431	0.5896522863	0.5917625766	0.1443940917	-1.080898154	-0.01854797244	0.1364405693	1.191722201	1.453513998	-0.622978001	0.2297174404	-1.20879919	-0.8222030481999999	-0.5362033568	-0.5431510315	-2.044454235	-1.1469007690000002	0.5615668127000001	-0.8861982607	11592.996463898691	9349.182390411368
0.0380772724	-0.0618844603	-0.0887259867	-0.0107324316	0.079942136	0.18817331559999997	0.06792342495	-0.10229347679999999	-0.7106455462000001	-1.584678522	-0.20485842370000001	-2.115722975	0.8422808851000001	-0.03210356459	0.08318118149	-0.07102400562000001	0.7957565556999999	1.3539686690000001	1.2648240579999999	-0.7760308193000001	0.0750592233	-1.279043916	-0.7323072295	-1.189835856	1.511091987	11593.225390362482	9367.437709065733
0.0369191397	-0.0637513548	-0.0875088252	-0.005690995999999999	0.0829927534	0.4941980651	-0.1813055309	0.6758976020999999	-0.7902697966	0.43676360229999994	-0.5656041236	-1.298805488	0.2435076039	-2.156895439	-0.9980642724	-0.6425838415	-0.08753835406999999	-0.8875862191	0.6877141938	-0.9667865743	-0.8087319059999999	1.108300448	-1.3136865309999999	0.6329074654	0.7581144834	11621.793490502143	9366.162793024096
0.0357541787	-0.0655710866	-0.0861460138	-0.0006327229	0.08565976189999999	0.9815883916	0.6350467151	0.1367745836	-1.545083336	0.21207078149999997	-0.3488938919	0.5833152632	-0.9768159191	-2.03227533	-0.37992284340000004	-0.2360875523	-0.4895857981	0.8235165975	-1.520441494	-1.590959997	-1.1069369709999999	0.3760620475	-0.7215676772	-2.2897411709999997	-0.8599770391	11652.29321026546	9378.360632438367
0.034582604700000005	-0.0673423095	-0.0846398209	0.0044274221	0.08793083410000001	1.347391281	0.7004337878	0.49093883	-0.9570133302	1.296535328	-0.39908895270000005	-1.389721007	-0.7054434104	-0.29886270260000003	-1.13238335	0.9464271748	-0.7194728883	-0.9999223552	-1.894825094	-2.175998672	-1.608962125	-0.5932875989	0.5348691833	-0.5080017133	-1.906416345	11583.588746429772	9370.884660469505
0.0334046344	-0.0690637132	-0.0829927534	0.0094744681	0.0897954726	1.6837967130000002	0.22998264359999998	0.1850012788	-1.282069139	-0.35560101130000005	-1.127328646	-1.506739019	-1.5340758030000001	0.3702082798	-0.4760132043	0.36846750850000004	-0.3789373975	1.546405918	-1.349897666	0.8064187205	-1.8683034180000002	-2.338449207	1.084392735	-1.570846534	-0.5749173921	11600.76065358808	9376.09757862864
0.0322204857	-0.0707340242	-0.0812075526	0.0144934828	0.0912450589	1.874587688	0.2341858579	0.7559833568000001	0.254495519	0.2712767832	0.10103079279999999	-0.2509128541	-0.8733391315000001	-0.46579766479999996	-1.6524847480000002	0.8708018033	-0.2963965342	-0.7966494062999999	0.06795365163	0.7801783404000001	-2.14862562	-0.6037088849000001	-0.6377044718	0.5785959109000001	-1.3324624729999999	11638.432385516424	9396.414536945
0.0310303776	-0.0723520068	-0.0792871898	0.0194696168	0.0922728925	2.026474545	0.3862493112	0.9516480903	1.164829903	-0.6192808769	1.095275542	-0.008732859691	0.5494489716	-0.2206391162	2.456891279	-1.250106417	1.456704321	1.694982368	0.38659493729999994	1.1985617579999999	-0.6029616265	-0.7827317193000001	-0.002101204052	1.015835062	-0.7484108265	11736.357095697877	9396.36005394477
0.0298345303	-0.073916464	-0.0772348614	0.0243881477	0.0928742226	1.363467925	-0.1645815521	0.05863945682999999	0.5208466325	-0.6093253936	1.265061765	0.2906124611	1.909436098	0.1110423099	-0.39090967530000004	1.579247708	2.332649842	-0.5888800665	0.7501106370999999	-0.8383947823000001	-0.476804997	0.2329646768	0.5293134485000001	1.062012886	0.4612458082	11703.033339633736	9389.547761765241
0.0286331649	-0.07542623849999999	-0.07505398320000001	0.0292345235	0.0930462698	0.515639952	0.6397718604	0.6829037782999999	-0.7071237026	0.6400986081000001	0.21277201829999998	1.4192164580000002	-0.9812855866	0.22368720190000002	-0.0517543813	-0.8655210045	-0.5363362714	0.30816273559999996	0.006707629643	-0.6184539498	0.5867725224	0.2911560477	0.8965186828	1.2320331	-1.4003677769999998	11632.62722154843	9372.096570104402
0.0274265036	-0.0768802134	-0.072748185	0.0339944055	0.0927882388	0.2135475812	0.45650854700000004	-0.4103056226	-0.4295403581	-0.2982485075	0.10193491789999999	-1.073653593	0.01051367494	1.1009089909999998	-1.406405124	1.214236794	-1.64042417	0.2499255922	-0.1580087417	0.07292852167000001	-0.9595229511	-1.410261117	1.648629677	-1.47675491	-0.006354214968	11565.09960281208	9353.40069267033
0.0262147696	-0.0782773129	-0.0703213046	0.038653711	0.0921013223	-0.24361512289999998	0.3655228208	0.5832004461	-0.6311725277	0.07708394345	-0.3144800196	-0.3329687182	-0.36974113810000003	-0.0027672288140000003	-0.002874722088	-1.024544917	-0.9244138461	0.1660751483	0.27578548280000004	-1.984957936	-0.16829915539999998	-0.4830851886	1.5488388080000002	0.39687209520000005	-0.17003398690000002	11610.292380056071	9361.64294437053
0.024998187	-0.07961650370000001	-0.0677773814	0.0431986551	0.0909886953	0.09070804061000001	0.2202788918	0.552711935	1.048800577	-0.7182877972	1.275532657	0.9581844433	0.5590354507	-0.09175277972000001	-1.5719750190000001	1.157672651	-0.42441278369999996	1.43919598	-0.7485982406	1.357904081	-0.8794612145	0.1869403099	-0.6735048785	0.3390615577	-1.523551461	11691.894309423304	9374.918982532012
0.0237769808	-0.0808967948	-0.06512064940000001	0.0476157909	0.08945550070000001	0.2613400214	0.19029239039999998	0.6634695567	1.045972222	-0.1774144238	1.171610163	-0.9181864958	1.3634592730000001	0.2449310816	2.496701002	-0.09343727548	1.029120992	-0.4670785208	1.713410866	0.5429285242	0.9018731202	0.1512656538	-0.09144991372000001	0.7807437026	-1.304564495	11738.58323423324	9378.345953422757
0.022551377	-0.08211723929999999	-0.0623555305	0.0518920499	0.0875088252	-0.7701361937000001	0.2244242355	0.2803100544	-0.25240054370000004	-0.8072683881999999	0.24416561309999998	0.5726346344	1.053533685	-1.249329095	-0.08274697418	-0.08428830822999998	1.013358287	-0.20370350760000003	-0.5142638809000001	0.4861826132	-1.3449671159999999	0.6890821233	0.2998163192	0.6488119811999999	1.054981781	11677.773714455225	9351.140330011158
0.0213216021	-0.0832769341	-0.05948662690000001	0.0560147802	0.0851576666	-0.9022525126000001	0.7698605944	1.137820673	-0.40633096049999995	0.08315598079	1.052296462	0.07239380543	-0.7803873942	0.4250124503	-0.1891603701	0.339909335	-1.651587706	-1.181164397	0.119966275	-2.329319531	0.757819685	0.4851952073	1.115434447	1.62344376	-0.5683075169	11600.79437780893	9358.932105522988
0.0200878836	-0.0843750214	-0.0565187138	0.0599717842	0.0824128925	-1.105210963	0.1128005723	0.43797236770000003	1.369532369	-1.7760586980000002	-0.1419807582	-0.4741615864	-0.7328430664	0.03829480629	0.174386431	-0.5505873262	-0.9049389534000001	-0.9781582507	-0.7076424431	0.7321236659999999	-0.9637028853	0.02250030257	-0.2054605702	-0.0357953428	0.8142022287	11585.07484813403	9341.987888577236
0.0188504498	-0.0854106889	-0.0534567308	0.0637513548	0.0792871898	-0.8154012807	0.8444331302	1.170774853	0.5002306707999999	0.2117827257	-0.9805896784	-0.09143137323999999	1.048178964	1.458803036	1.134815996	0.5804017592	0.2510614976	-1.337521588	0.883892604	-0.5685174315	-0.1539121728	-0.33359114149999997	-0.9702507568000001	0.9484862862000001	0.02028730816	11585.872650474628	9353.995886898068
0.0176095295	-0.08638317029999999	-0.0503057744	0.0673423095	0.0757950062	-0.49606212130000005	0.26235798	0.4077519927	-1.06934004	-1.3725590490000001	-0.6299400059	-0.7951563289	0.6738388184	-2.052021467	-0.405872455	-1.098441781	-0.366947122	-1.9947052140000001	0.6678700851	0.2005319793	-0.20266022420000002	-0.2630589532	-0.4135949417	0.2439260111	0.9730795484999999	11588.5036601405	9356.406057814493
0.0163653521	-0.08729174619999999	-0.047071089	0.0707340242	0.071952483	-0.21729735670000003	1.145495139	1.796112616	-0.7917485787999999	0.7305925019	0.06232874981000001	0.6899530197	-0.9275976643000001	-0.6863339962	-1.0363246640000001	0.9588126036	-0.6326314477	-0.23831383539999998	-1.497844809	-2.7507349089999997	-0.9745362879999999	-1.0625567790000001	-0.566255445	1.55700235	-1.604822575	11584.748823924729	9365.581869365878
0.0151181479	-0.08813574449999999	-0.0437580584	0.073916464	0.0677773814	0.3725269036	0.1913191993	0.5868254735	-0.2027405349	-1.629446179	-0.1730092841	-1.267956831	-0.7664420581999999	0.34021951780000004	-1.5398830490000002	-0.5286920888000001	-0.8918503029000001	-0.7571912013	-0.40879850170000004	1.323517783	0.345708807	-1.4453231990000002	0.01746324746	-0.5231160436	-0.06903553998999999	11584.097622779109	9372.918311335541
0.0138681475	-0.0889145408	-0.0403721968	0.0768802134	0.0632889993	0.4018842314	1.3724233590000001	1.570900384	2.221018158	1.176664798	-0.8043638685	0.1347209057	0.1676564434	0.7062522967	1.2185271979999999	0.5395145212	-0.4841841215	-0.7920356083	0.03747538798	-0.6185696504	-1.7204778790000002	-0.3517599158	-1.900305151	1.281297779	-0.8695178483	11657.809486307124	9373.91630992203
0.0126155821	-0.0896275589	-0.0369191397	0.07961650370000001	0.058508083	1.29325435	0.9948577533	0.2997924172	-1.323138436	-0.9404260396999999	-0.9429827084	-1.676227872	0.918963802	0.7717071377	-0.1603072182	-0.7054853440000001	0.04750323545	-0.05331694803999999	0.1552780409	0.0705477415	1.250411838	-0.1324649121	-1.261532523	-1.4141565090000001	0.5303183061	11646.319766465054	9389.286094486088
0.0113606834	-0.0902742713	-0.0334046344	0.08211723929999999	0.0534567308	1.531363541	1.304611266	0.8337882856000001	-0.690812812	1.5791468219999998	-0.6623714558	-1.104911666	-0.1245130637	-2.75593448	-1.12573808	1.444397769	-0.5864228891	-0.3646288579	1.665750204	-0.1873194745	-1.3956316569999998	0.42866117130000003	0.1342876056	0.7716166428	1.5657311440000001	11599.77416729671	9368.818584767509
0.0101036834	-0.0908541996	-0.0298345303	0.0843750214	0.0481582911	1.92060968	1.013251195	-0.10263674390000001	-0.834662122	-0.5376008816	-2.585489636	-1.249690323	1.141932546	-0.9761750061	-0.4815732534	-0.7462315793000001	-0.6073984844	1.195486198	-0.5942731572	-0.9424209118000001	0.9925187475	-1.381882634	-0.4717154318	0.17397842670000002	0.22183156329999998	11619.31036967616	9392.81135601888
0.0088448147	-0.0913669149	-0.0262147696	0.08638317029999999	0.0426372543	1.9007604390000001	1.03602423	0.4100788281	0.9246044349	-0.5263626027	-1.390660328	0.6449804417	1.773305313	0.5655736509	0.07550253216	1.343525862	1.264597207	0.6189526219	0.8461751138	-0.5683914737	-1.642709706	0.05783038147000001	0.7150592125	1.856571432	0.32909229149999997	11706.704260385164	9397.15079353659
0.0075843101	-0.0918120377	-0.022551377	0.08813574449999999	0.0369191397	2.48218158	0.6085321327000001	-0.2605704867	-0.8222595618	-0.2024912023	1.5108120280000001	-0.3390550079	1.181009921	0.4204616177	-0.5216723562	-0.4169904154	2.1777419140000003	0.6326310363000001	1.313827203	0.2147150548	1.294299723	-0.7798082939000001	0.38729331200000006	1.49458841	0.7558420353	11771.193954631846	9409.125172814758
0.006322402800000001	-0.0921892388	-0.0188504498	0.0896275589	0.0310303776	1.284478536	0.5375721096	0.445918961	0.038076448260000006	-0.19828404489999998	1.289160707	3.18852917	-0.5289229082	0.2358307936	0.1870146085	0.8686446089000001	0.9689787161	0.3867589754	0.6200499772	-0.2895589866	-0.5177893384000001	2.328780253	0.8472582359999999	1.3753303680000002	-0.1645031029	11750.960366525956	9388.620478728702
0.005059325999999999	-0.0924982391	-0.0151181479	0.0908541996	0.024998187	0.2901855028	0.2461541024	0.3158048921	-0.9771967937999999	-0.6344369944	1.0674224970000001	0.864660055	0.2468085136	1.1696086559999999	0.4995691692	-0.8369365179000001	-0.1669362857	-0.7461615551	-0.7544868568	-1.419885874	0.9398754942	-0.2639295614	3.62017918	1.223219217	0.24640174550000002	11670.266757103704	9390.978970975977
0.0037953135	-0.0927388101	-0.0113606834	0.0918120377	0.0188504498	-0.9547748301000001	0.9347184269	1.0659016190000001	1.100397757	-0.4750486558	0.771385498	-0.2960228951	-0.829568168	-0.49685407340000004	-0.7811023654000001	0.1410463622	-0.4730423421	2.0852040080000003	1.034032922	1.3566255059999999	-1.6453728440000002	2.516514561	-0.3467194449	0.1622162636	0.4304865156	11650.204191474504	9365.175789690113
0.0025305991	-0.0929107737	-0.0075843101	0.0924982391	0.0126155821	-1.04035905	0.8689270836	0.1230395363	1.701036606	-1.006971829	-1.388466304	-0.9040728057999999	1.699700004	0.8042572164	1.720915525	0.6394471107999999	-0.02680015917	-0.8497267653	-0.5457610202000001	0.19486477359999999	0.5371456864	-0.5275896212	-0.5799425965	-0.1886206692	-1.4465521559999999	11590.587340652302	9369.305897203309
0.0012654166	-0.0930140029	-0.0037953135	0.0929107737	0.006322402800000001	-1.3482744619999998	0.7322413767	0.4812367679	0.08013502182	-0.40995805450000006	-1.006117433	-0.8645128984999999	0.5827231772	-0.3345576098	-0.3347014263	-0.9801102279999999	0.832808678	-0.30193299739999996	1.7020562259999998	-0.2687243103	-2.01901335	-0.33754078509999996	-0.7070253939	1.105242314	0.5294819432	11612.196283155872	9338.859219342192
0.0	-0.093048421	-0.0	0.093048421	0.0	-0.889768363	0.9654633706999999	1.023250512	-0.9113499615999999	-0.1941834327	-1.000447863	1.43025332	-0.3221381398	-0.999749821	-0.42490849840000006	0.6455679939	-0.5220888517	0.04050488299	-0.2639651727	-0.6920764737	-0.63126947	1.77244765	-1.099039948	-0.3290219168	-1.068957742	11634.478969779066	9357.529314862124
-0.0012654166	-0.0930140029	0.0037953135	0.0929107737	-0.006322402800000001	-0.8585370994	0.5713556111	0.7345447353	-0.2123222371	-0.21653658399999998	0.416363489	-0.9242305898000001	0.02237738997	0.6019564492	-1.137051104	-0.4601712091	-0.9040525668000001	-0.7737455665	-0.8735687	-0.6979734329	-1.354645725	-0.04574908911	1.5026440330000002	-0.6344886228	-1.4749635580000002	11656.24312140352	9361.309375636469
-0.0025305991	-0.0929107737	0.0075843101	0.0924982391	-0.0126155821	-0.15717981039999998	1.276508921	0.23775612670000001	0.9336237686	0.7632747062	0.9100894444	-0.5893171168	-1.3974584559999998	-0.014766853069999999	0.3098054895	1.279714271	-1.178651084	0.06983095517999999	0.6893383972	1.417322999	-0.6204528175	1.054878066	-0.4812380049	-0.5766633861	0.93287416	11681.725115376134	9373.40711905484
-0.0037953135	-0.0927388101	0.0113606834	0.0918120377	-0.0188504498	0.05363048978999999	0.8135664837000001	-0.25920337379999997	1.967432457	0.9009704548	-0.07226397947	-0.6908986141	-1.015273855	1.10982069	0.47280936490000003	-0.2025612066	-1.491809009	-1.424804715	-0.3369410746	0.4925645458	0.181922545	0.2683627702	-1.201470159	-0.6422873547	0.645960752	11710.758354597196	9374.141701460225
-0.005059325999999999	-0.0924982391	0.0151181479	0.0908541996	-0.024998187	0.08133371806	0.7089500168999999	0.8070026389	-0.19692177449999998	-0.06845256835	0.469816568	-0.4078780594	-1.402474147	1.069985573	0.3157065182	0.6962638203	-0.8065376420999999	1.129290903	0.9003486748999999	1.232025946	-0.4583099551	0.249863475	0.2891963015	0.47125487450000003	0.9075156772	11750.88638404108	9394.53940895969
-0.006322402800000001	-0.0921892388	0.0188504498	0.0896275589	-0.0310303776	0.9381776586	0.3552716887	-0.006119938502	0.7443404956	-0.3940524885	1.529453341	0.1502539719	0.7695800286	-0.5254065979	0.0012105815820000001	0.1739332891	0.3144465376	-1.102888299	-1.384334516	1.000054161	-0.4356200874	-0.01396208226	-0.5623971231	0.519307331	1.240763751	11807.090006510414	9400.94608912869
-0.0075843101	-0.0918120377	0.022551377	0.08813574449999999	-0.0369191397	0.3976175109	0.5079184077000001	0.8162972978	0.28347934	0.21230053	1.554405056	0.4998252717	1.369628171	1.002274398	0.3214859646	-0.6562264104	2.7550965769999998	0.9856217018000001	1.289411571	0.5320213923	0.46813133520000005	0.7192823272	-0.5643088927000001	0.02152023437	0.9428641389	11806.829223632812	9390.43692358184
-0.0088448147	-0.0913669149	0.0262147696	0.08638317029999999	-0.0426372543	-0.230616663	-0.31955590429999997	-0.029237623369999997	-1.635753536	-1.217700419	0.2827816401	1.274000053	-0.07969953947000001	-0.31024333600000004	-0.3250790294	-0.4839213215	-0.1150644968	-0.9446165864	-0.4183992635	-0.113703771	1.533507524	0.08815053659	-0.1446879466	-0.4079635182	-0.5897822732	11749.57757437101	9381.976113652061
-0.0101036834	-0.0908541996	0.0298345303	0.0843750214	-0.0481582911	-0.8228306326	-0.24530425960000002	1.161619887	0.40434842530000004	-0.3215346296	0.1826187901	0.28166408	-0.06177089958	0.5630666718999999	-1.22310353	-1.645993691	-1.170689343	0.04336277239	-0.37614092439999997	1.404124511	-0.4195436113	-0.5910579861999999	0.7904845107999999	0.6118174578	1.019180114	11699.530710527972	9353.040131211923
-0.0113606834	-0.0902742713	0.0334046344	0.08211723929999999	-0.0534567308	-0.4694188221	-1.195099556	-0.3080832831	1.16197737	-2.67027166	-0.7898242568000001	-0.1477797472	0.2368604168	0.3965982487	2.028190081	-0.6761259751	-0.36706341299999995	-1.374533891	-0.17780028920000002	0.1688727555	0.9345583092	-1.58101188	-1.259949698	-1.8417295269999998	-1.06755102	11681.08186783329	9349.124059965201
-0.0126155821	-0.0896275589	0.0369191397	0.07961650370000001	-0.058508083	-1.303686761	0.472994453	0.9355174431000001	-0.5821393817	-0.1497707983	-0.207569678	-0.5197086278999999	1.384027066	0.3015867152	-0.2505349395	-0.23314907329999998	1.205691471	0.1875925965	0.9493648618000001	-0.32759325559999997	-2.345175635	-0.8558716474	-0.18499492760000003	1.49800761	0.654638787	11647.385812410745	9337.26449997454
-0.0138681475	-0.0889145408	0.0403721968	0.0768802134	-0.0632889993	-0.7627165263	0.8025709218000001	0.7049278529	-1.147168675	-0.997185208	-0.5515808865	1.324984587	-0.48465800049999996	-2.21436698	-0.7967796043	0.1849998684	0.04342842092	-0.3695785035	0.04168673666	-1.151757039	1.18029775	1.302311449	-0.798459154	-0.3945157729	-0.1037457144	11673.186588410408	9373.2758617493
-0.0151181479	-0.08813574449999999	0.0437580584	0.073916464	-0.0677773814	-0.7958351502	0.4343730547	1.05056936	-0.6281497014	-0.5671397101	-0.05921743694	-0.8706648503	0.1372939534	0.08994050421	-1.331172555	-0.5627108304999999	-0.1839787105	-0.6092212774	-1.795135529	-2.180412236	-0.8286288584999999	-1.097204684	1.8474881840000001	0.42337693789999997	-1.7168107369999999	11660.291207262264	9363.803270114586
-0.0163653521	-0.08729174619999999	0.047071089	0.0707340242	-0.071952483	0.2128960896	0.8949287611	0.279334225	-0.14781843960000002	0.23487853399999997	0.1157273576	-1.102142117	-1.842016277	0.37404936689999996	-0.4788647457	1.9825576580000002	-0.924766557	0.08756205917000001	0.1740941602	1.0092716659999998	-0.043269943160000005	0.06810308705	0.5923103733	-0.2424967172	1.458229455	11677.488197244624	9376.077945543842
-0.0176095295	-0.08638317029999999	0.0503057744	0.0673423095	-0.0757950062	0.413735688	0.7445305913	0.1113390731	1.175239689	0.5551283736	-1.3808489430000002	-1.522039809	-1.5758172069999998	1.8026958	-0.7896908226	-0.48321898409999997	-1.06331597	-0.6388067901	-1.534267096	-0.08474119067	-0.1872570539	-0.8823710047	-0.5701820887	-0.029235864960000003	0.5008741059	11682.60308575374	9392.101618536812
-0.0188504498	-0.0854106889	0.0534567308	0.0637513548	-0.0792871898	1.300445146	0.4775083792	0.2887757489	1.185658608	-0.2739501434	0.1022379872	-0.07487587993	-1.763745755	-0.6493100377000001	1.173039173	1.333929884	-0.641681961	1.204399195	0.9247585905	1.201387027	-0.5204577133	0.4918404569	-1.192162989	-0.28983671850000003	1.3463228569999999	11737.332551033269	9398.53727236602
-0.0200878836	-0.0843750214	0.0565187138	0.0599717842	-0.0824128925	1.226576734	0.4378758041	0.5049012916	1.576571439	0.2245883535	0.7088034327	-0.00023676184900000001	0.6813298966	0.22232891600000002	0.6087644252000001	-0.2185319193	-0.1333017981	-0.6470861343	-1.526606286	0.6665496904	-1.205665083	0.651391231	-0.7015681431	0.6911341776000001	1.8841417440000001	11719.76472391108	9401.728794287068
-0.0213216021	-0.0832769341	0.05948662690000001	0.0560147802	-0.0851576666	1.212919452	0.44970977450000005	0.8489896691	0.15205729199999998	-0.1621437048	1.581362056	0.9147272865	0.8761567406999999	0.3506605055	0.8292686734	-0.3431057764	3.217231383	1.6883410859999999	1.515947855	0.7045232397	0.7033691948	1.4440303190000001	0.38082344119999995	-0.5677223049	0.11663181460000001	11808.169924500171	9402.515297772696
-0.022551377	-0.08211723929999999	0.0623555305	0.0518920499	-0.0875088252	0.384223224	0.301685629	0.01555874866	-0.9376070767	-0.09746213398	0.9921339487	1.68168868	0.4592735439	-0.6641032888	-0.2790847458	0.3661596625	0.9917060718999999	-1.9905966769999999	-0.5761683075	0.8546787747	0.05671493848999999	0.9348483936	2.1779393280000003	-0.5501677023	0.1296065371	11733.808734196491	9377.372006112302
-0.0237769808	-0.0808967948	0.06512064940000001	0.0476157909	-0.08945550070000001	-0.8199427079	1.149420377	1.30970549	0.42590776950000003	0.9594873431000001	1.1260233929999999	0.562196712	-0.7625458065999999	0.6797581119	-0.553089932	-0.8299743168000001	-1.115509396	0.9429790242	0.6387300796000001	-0.1108449021	-0.3474181492	1.189601101	1.934821525	-0.4110817341	-0.5075370986	11626.621597125966	9369.71790751076
-0.024998187	-0.07961650370000001	0.0677773814	0.0431986551	-0.0909886953	-0.7427633898	-0.1366927558	0.07539346239	1.6812687780000002	-2.168674525	-0.3409698679	-0.6841127368000001	-0.001445397101	0.03904251231	1.761689331	-1.147360177	-0.5436815089	-1.333159362	-0.4549536344	0.1599414186	0.1880269551	-1.586053375	-0.1349330201	-2.227749271	-0.1360373933	11619.916665354085	9344.75166214867
-0.0262147696	-0.0782773129	0.0703213046	0.038653711	-0.0921013223	-1.208357473	1.192868373	1.343310809	0.0882376261	0.7903706684999999	-0.01997498774	-0.4092371276	1.107363436	0.7528161966	-0.32538590300000003	0.4867018213	1.290933553	0.4624282528	1.277155724	-0.1472377055	-2.256513597	-0.4554282578	-0.9421858097	-0.08216464982999999	1.1233386490000001	11561.00015357233	9340.093020552917
-0.0274265036	-0.0768802134	0.072748185	0.0339944055	-0.0927882388	-0.6200540113	0.1311149001	0.4168010558	-0.8136869812	-1.3933455780000001	-0.6425088934000001	0.6811532859999999	0.050861315920000004	-2.5388179419999997	-0.7998906999	0.1353629501	0.09533118368999999	-1.560891834	0.1130539594	-0.3532165531	0.6146355069	0.4467300763	-0.2562629124	-2.184567021	0.47608101270000003	11586.824624994752	9352.2280267903
-0.0286331649	-0.07542623849999999	0.07505398320000001	0.0292345235	-0.0930462698	-0.9561625489	1.283923888	1.725446205	-0.6262105977	0.9066083737999999	0.35187090600000004	-0.2650585494	0.03462454501	0.4674508652	-1.429501774	0.1668707987	-0.2155860613	0.9399197001	-1.058955036	-2.436903418	-2.7361028469999997	-0.459639735	1.117890675	-0.3365537844	-1.086253607	11560.28433325983	9347.751984948374
-0.0298345303	-0.073916464	0.0772348614	0.0243881477	-0.0928742226	0.09031223259	0.1548937994	0.3595401082	0.2471581867	-1.574304978	-0.37910697509999997	-1.180766043	-1.067759371	0.6031338992	-1.1482881870000001	1.062274928	-0.6822371106	-1.015756017	0.19738138940000002	0.7502037597	1.3570177140000002	-0.9819596131	0.01570697581	-1.601152541	0.6523644702	11585.271469280284	9379.184800132607
-0.0310303776	-0.0723520068	0.0792871898	0.0194696168	-0.0922728925	0.2522745418	0.7850989155	1.4264289159999999	1.750975959	0.7683304742	-0.7832499548	-0.34372556299999996	-0.3864949361	0.5096637476	0.9387243805	-0.9574545487999999	0.4290125122	-0.33157285129999997	-0.5943038939	-0.7666178827	-1.071264533	-1.325194906	-1.621195799	0.4142594786	-1.5563807330000001	11651.64643187164	9361.674907214108
-0.0322204857	-0.0707340242	0.0812075526	0.0144934828	-0.0912450589	0.9430688531	0.9848590706999999	0.3791002084	-0.5383702945000001	-0.2244294858	-1.384707464	-1.292508046	1.104837731	0.5534032781	0.2231052605	2.4234735069999997	0.4514408957	0.3380700675	0.3783699475	-0.5977460971999999	-0.027497683139999996	-2.391020331	-0.46732123810000004	-1.204043728	1.221896562	11588.9533382949	9380.426007611044
-0.0334046344	-0.0690637132	0.0829927534	0.0094744681	-0.0897954726	1.143038907	0.855571327	1.1278797390000002	1.427645619	0.4670005173	-2.622034846	-0.5998175162	-0.6117577553	0.3205033467	-0.1743158082	-0.06653511336	-0.3147323041	-1.617487175	-1.0769057229999999	-1.180495125	-0.4689658228	-0.335929566	-1.7255521930000002	1.5913165580000002	0.7355402248	11658.316418719549	9400.245295813484
-0.034582604700000005	-0.0673423095	0.0846398209	0.0044274221	-0.08793083410000001	2.084914019	0.8361669281999999	0.1243768136	0.1378115284	-0.2076478507	-0.5459681087	-0.4149408897	1.5070383269999998	0.9242783873999999	0.4448510399	0.8731386247	1.30533189	1.5390747359999999	0.7767495778	-0.2628669912	0.025913915750000002	-0.5627656352	0.8084755864000001	0.5428383008	1.316853188	11709.005117108745	9411.435372123167
-0.0357541787	-0.0655710866	0.0861460138	-0.0006327229	-0.08565976189999999	1.884988354	0.8553867488	0.1819005325	0.4278259932	1.3911370159999998	1.055614969	0.029805044310000004	1.09875733	-0.7450817871	-0.6030376176	0.8872777004000001	0.19533995199999998	-0.9027789856999999	1.233602558	-0.2224848677	0.01797469833	0.3925291821	-0.2512873297	2.394071994	0.6448546225	11706.991143995716	9408.554037057904
-0.0369191397	-0.0637513548	0.0875088252	-0.005690995999999999	-0.0829927534	1.4675895890000001	0.1924838836	-0.020196980380000003	-0.4338442951	0.02479483917	1.0645847640000001	2.524584233	-0.6370376768	0.038611984	0.5933363445000001	-0.493880174	-0.4060961186	1.559964946	0.0987238609	0.022910447230000002	1.203537102	1.6436007830000001	1.0314474040000001	0.9893021262999999	-0.1219732169	11767.672783308133	9399.323188226126
-0.0380772724	-0.0618844603	0.0887259867	-0.0107324316	-0.079942136	0.6687017654	0.1634772544	-0.2403465441	-0.1553677511	0.6292259466	0.6024756215	1.865727238	-0.1014471485	0.6071564725999999	0.45476258	0.8449162395	-0.5053597569	-1.115202775	-0.5093875096	-0.8742492304	0.25196646100000003	1.429495758	1.992796561	1.2841477079999999	-0.9936391404000001	11754.814962407596	9388.895300960568
-0.0392283624	-0.0599717842	0.0897954726	-0.015742113999999998	-0.0765220104	0.09006581462999999	-0.09126743604	0.5740324565	-1.248521746	-0.5201914859000001	0.48976830340000005	1.610333105	-0.4696046048	0.9052238731000001	0.29324156149999997	-0.8783419242	-0.4642801767	0.7296330139	-1.301150176	-0.5904340229999999	0.5784476896999999	0.18200757329999998	2.4606650969999997	0.9158117024	0.29674489260000003	11710.296567199053	9379.757394230171
-0.0403721968	-0.0580147416	0.0907155029	-0.0207052216	-0.072748185	-0.4436088464	-0.14451398740000002	-0.3424171948	0.7424183458	-0.7078859013	0.5192014553000001	0.8599689238	0.1999393304	0.6325177972	-1.4539822759999999	0.7722907158	-0.7417955422	-0.5963142509	0.7270281087999999	1.555684162	-0.7444016401000001	0.2383723385	0.5793904159000001	0.006204094911	-1.610280749	11685.467176211778	9371.081478768552
-0.0415085642	-0.0560147802	0.0914845461	-0.0256070703	-0.0686381031	-0.5818626915999999	0.25534827920000003	-0.17319435260000002	1.965684135	0.002071139441	-0.5777623301	0.2247620024	-0.9432147795	-0.2510401824	1.213275354	0.3469444888	-0.18588481129999998	0.2108496791	0.6972964573999999	1.113666642	0.19552640829999998	0.04706878115	0.11095943539999999	-0.051958224670000004	-0.1953757765	11680.835679577243	9357.622265818709
-0.0426372543	-0.0539733795	0.0921013223	-0.0304331576	-0.0642107624	-1.529969851	0.6989185998	-0.40276378170000005	1.6473800180000002	0.04308180156000001	-2.242138013	0.45351318549999997	-0.06005896181	0.8279457201	1.1849460520000001	1.439264045	0.012484115819999999	-0.9598318348999999	-0.3722883095	-0.1086301353	0.5520591499	-0.8487644457	-1.118984492	-0.1537710275	-1.210550139	11574.211809712073	9353.297146328856
-0.0437580584	-0.0518920499	0.0925648049	-0.0351692048	-0.05948662690000001	-1.6999508719999998	0.1647495533	-0.23879736329999998	0.08175260917999999	-0.4389843335	-1.3031663409999998	-1.046961542	-1.393369735	0.3242862097	1.0813552309999999	-0.7640313616	-0.5805138807	0.8099121045000001	0.9155471943000001	0.8624486765	1.223960782	-0.2371142176	0.6010379178999999	-0.007682319179999999	0.5109912059	11642.190744707661	9371.002432412688
-0.0448707692	-0.049772331	0.0928742226	-0.0398011998	-0.0544875326	-1.183012535	-0.1482041658	-0.37809265810000003	1.41958402	-1.356506969	0.2734239703	0.560356041	-0.7122878512999999	-0.20316514859999998	-0.08362989701000001	1.745530927	-0.1465150378	-0.6598515599	-0.34581470880000004	0.6840548819	-0.22199532859999999	1.130932165	-1.2115887570000001	0.6848308909	0.4203455564	11786.316644483997	9384.73622172424
-0.0459751808	-0.0476157909	0.0930290603	-0.0443154383	-0.0492365861	-0.8704843918999999	0.2186226325	-0.1085387525	0.3834825142	-0.44428558549999997	0.05885710316000001	0.5490785319	1.4541558680000002	0.830543453	0.9630972234999999	-0.7652800219	2.173951656	-0.4897454489	0.9825584389	0.5560786235	1.76202522	0.3329677795	-0.3195466358	0.4248350848	0.1527605247	11793.573365570395	9395.200943300157
-0.047071089	-0.0454240252	0.0930290603	-0.0486985645	-0.0437580584	-1.576996659	0.02246611163	-0.7610547212000001	-0.6500289166	-0.9835728908	-0.22514325640000002	0.4057801901	0.00743876028	-1.256063162	0.00692284868	0.037759230319999997	0.8086733328	-2.513759866	0.2392998339	0.8206309778	0.5371265506	0.6113829402000001	0.2089190075	0.1592296221	0.8127248109999999	11728.70649309056	9374.420432017525
-0.0481582911	-0.0431986551	0.0928742226	-0.0529376103	-0.0380772724	-1.925343889	0.7480072108	0.46473721219999997	-1.15941427	0.052108779169999994	-0.4508204656	0.8091387484	-0.4624789701	0.7002097334	-0.9704746518999999	-1.481102317	-1.188738332	-0.786734692	-1.1962180340000002	-1.9173926669999999	0.6875919702	-0.6413833365999999	0.2763923209	1.385837583	-0.1602526914	11645.63532216062	9360.809463773378
-0.0492365861	-0.0409413271	0.0925648049	-0.057020034	-0.0322204857	-2.064595479	0.1162020524	-0.21322459010000003	0.4918448518	-1.694106685	-0.46109184659999997	-1.5522056819999999	-1.00103736	0.8173520706	-1.7802192769999998	0.9199989558	-0.5470942704999999	0.26192633649999997	0.4887073167	0.9489445981	-0.1862470999	-0.6504239376	0.5272888084	-0.9061997969	-0.4771662351	11655.038830828924	9349.762758129073
-0.0503057744	-0.038653711	0.0921013223	-0.0609337573	-0.0262147696	-1.246509313	1.1187807379999999	0.16722379869999998	2.07464769	1.5724018	-0.8914201234	-0.42377567520000003	-1.91823727	0.23155662789999998	0.2914708253	0.023305334559999998	-0.9406776998	-0.8084743886	-0.2396873366	0.6623820628	1.063497827	0.144020496	-1.181406079	0.2044910987	-0.07083124042	11634.457118536837	9351.974282286059
-0.0513656584	-0.0363374993	0.0914845461	-0.064667201	-0.0200878836	-0.8780522167	0.6137439934000001	0.09509680874	0.2300390516	-0.4831505656	-1.433889091	-1.30214699	-1.3021018359999998	1.276092907	0.8519616390000001	1.128948578	-0.3176805445	0.08251105286	-0.9980860579	0.2058774531	-0.15543180939999998	0.3005245626	-0.7179211534000001	-0.2332838639	0.3211645938	11665.223863827285	9354.262191257923
-0.0524160419	-0.0339944055	0.0907155029	-0.0682093192	-0.0138681475	-0.2968861911	0.8185717129000001	0.5073714972	0.5932157838000001	-0.07161299835	0.15641148400000002	-1.369827015	-1.886044455	1.131553048	-0.5813540049	0.35712873170000003	-0.2572136049	0.04781850506	-0.3952248375	0.2464092036	0.5488688846	-0.3917746115	0.4686753564	0.3114461893	-0.5963874407	11691.899513162592	9404.796496578572
-0.0534567308	-0.0316261628	0.0897954726	-0.07154963219999999	-0.0075843101	0.5831805926	1.038093165	-0.159112048	1.727461076	-0.9237994170999999	1.645144606	-0.36706041689999996	-0.4002946993	-0.6458435824000001	1.084231157	0.6387119690999999	1.3598524930000002	1.42298495	0.11716855	0.6494485886	1.083377445	1.2088468140000002	-1.166868947	0.11678624580000001	-1.173912292	11774.231571320564	9407.810358010192
-0.0544875326	-0.0292345235	0.0887259867	-0.0746782574	-0.0012654166	0.356938081	1.440896966	0.4860480766	0.3202219926	0.8581246451000001	0.47893334	-0.2607976549	2.038401794	1.226234435	0.6021523485	0.5409870464000001	2.041804359	0.5224758339	-0.5811327963	-0.42280232939999995	1.196320176	-0.38456067619999995	1.215788035	0.9651579086	1.229816321	11750.513541272892	9403.523927026512
-0.055508256500000006	-0.0268212567	0.0875088252	-0.0775859381	0.005059325999999999	-0.16623707699999998	0.6231107706	-0.42304968789999997	-0.3157673059	-1.257448921	0.8350005234000001	-0.5558036400999999	0.8081362216	0.2424457068	-0.1159358231	0.964640191	2.242211445	0.2762124498	2.65264306	0.1735223016	-0.026402186180000002	-0.7894693965	-0.3716516842	-0.7124672515	0.6919746058	11666.833047190019	9377.14263471526
-0.0565187138	-0.0243881477	0.0861460138	-0.0802640719	0.0113606834	-0.45499562670000004	1.576806815	0.9079457378	-1.0503269640000001	1.456949523	0.737916072	0.6651819379	0.5592967156	-0.694445133	-0.6370807948	0.6938596763	0.8223274818999999	-0.92073404	-0.5773545362	1.023743274	0.2606346227	1.6555688590000002	0.7893662076000001	1.4078619819999998	0.7242079245999999	11707.049974010835	9387.917854324216
-0.0575187176	-0.0219369967	0.0846398209	-0.0827047351	0.0176095295	-0.5229514643	0.8973803475	-0.4193005162	0.173744497	0.3754033347	0.9807450611	0.7284332962000001	-0.006209491897	1.089828375	-2.067900136	-0.04642535481000001	-1.491837052	-0.1793059941	0.1174675709	1.552128873	-0.08313548902000001	-0.01758571219	-0.5867036894	-1.4125156859999999	-1.028918165	11684.604699575772	9360.861346665577
-0.058508083	-0.0194696168	0.0829927534	-0.0849007066	0.0237769808	-0.8631498273999999	1.273681991	0.4346939496	1.205091659	1.231943113	0.07607401203	-1.2005323479999999	-1.496015528	-0.007714776713000001	1.224551044	1.08941249	-0.7777473144	0.36697736200000003	0.218347067	1.070670867	0.9265697344	1.051302943	0.0006892973292000001	0.1723237652	0.394650147	11631.257355720769	9359.501193514894
-0.05948662690000001	-0.016987833600000002	0.0812075526	-0.0868454896	0.0298345303	-0.9880860777	-0.005177474418	-0.5648698529999999	-1.389500509	-1.7153297159999998	-0.3845843125	-1.1210906059999999	-1.4333261480000001	1.6628696680000001	-0.1819780719	0.5228217759	-0.3402144955	-0.6645881017999999	-0.7481365179999999	-1.13124632	0.09272296913999999	0.08871223537	0.7288883997	-0.6934590575	-0.7691667154999999	11661.266851609751	9373.617576160252
-0.0604541685	-0.0144934828	0.0792871898	-0.08853333	0.0357541787	-0.5562537854999999	1.397013566	1.125066414	1.021493843	1.8604291780000002	1.5246323590000002	0.027199794060000004	-0.3613170632	-0.26793212629999996	-0.8686203948000001	0.5924598495000001	0.8218646037999999	0.7312045793999999	0.5773613415	1.7367863190000001	-0.1764035309	0.5151530670000001	-0.008036304721	3.0896021069999997	-0.3653801324	11750.003360871346	9394.765487052591
-0.0614105286	-0.0119884099	0.0772348614	-0.0899592343	0.0415085642	0.1855534941	-0.8363178820999999	-0.7253736867	0.25561798550000003	-2.633123265	1.0808499	0.8384561979	0.6276646924	0.8875456646	0.3876244861	-0.6810351411	2.01204009	-0.1417154894	0.5952822936	-0.03218665195	2.063342774	1.5098479280000001	-2.8925387089999997	-2.204145726	0.001509742279	11796.409079931116	9385.97893126594
-0.0623555305	-0.0094744681	0.07505398320000001	-0.0911189838	0.047071089	-0.9923306365000001	0.9929410369	0.8936952959000001	-1.448364077	1.736183373	1.007657026	0.7152975731	-1.060079744	-0.01320781393	-0.458764441	0.9888755096999999	0.5799562682	-1.171183365	1.472114167	-0.04208572457	-1.641780225	0.5948239035	1.172490027	2.341799451	-1.8772937109999999	11686.663005869876	9355.029874538424
-0.0632889993	-0.006953517199999999	0.072748185	-0.0920091471	0.0524160419	-0.9825547561	0.08924533389	-0.18129722620000002	0.8319298617	-1.994842309	0.09212397504	0.1675752476	-0.544577285	0.40934280219999997	-1.19649617	-0.2118665989	-1.095851966	-0.5717127362	-0.5623230037	1.143195345	1.8501674119999998	-0.1988287449	-0.411470027	-1.408957517	0.7596135106999999	11655.275949785786	9362.16489986983
-0.0642107624	-0.0044274221	0.0703213046	-0.0926270906	0.0575187176	-1.596724934	0.7992200473000001	0.9765846438	0.49711783649999997	0.9425356884	-1.050269893	-0.2535501446	-0.005641390361	1.4724550930000002	0.09965377107000001	0.4082197335	1.103938205	-2.168519281	2.070895896	0.524842287	-1.357793232	0.7487321359	-0.7228919909999999	0.4340413635	-0.7697648895999999	11600.004025038852	9332.167009897901
-0.06512064940000001	-0.0018980517	0.0677773814	-0.0929709861	0.0623555305	-1.0803472459999999	0.46175056439999995	0.2536958693	-1.5529688519999998	-1.177217624	-1.06965857	-0.1312531774	-0.5818801586	-2.271718996	-0.583946418	-0.5910746725	0.3558786799	-1.007081345	0.42519746229999994	0.4624585296	1.340480737	-0.13405201279999998	-0.5749229182	-1.305731607	0.5645948857	11590.911731350809	9352.22137321457
-0.0660184918	0.0006327229	0.06512064940000001	-0.0930398161	0.06690412379999999	-1.028715925	1.033650453	0.8143702989	-0.4409427079	0.5310650767	-0.6584347761	0.04809729578	-1.531360268	-0.7410289609999999	-1.9836942530000001	0.4441169396	-0.08106939403	-1.7065284	-1.443437642	-2.81719794	-1.126430662	-1.301426677	-0.3720480932	1.24474713	-2.39280509	11554.00803892074	9346.817698278992
-0.06690412379999999	0.0031630294	0.0623555305	-0.092833377	0.071143473	-0.3515236968	1.007933452	0.4038768721	-1.00465764	-0.23059542260000002	-0.0003902871266	-2.144136761	-1.394347821	0.9118020448	-1.6154820159999999	0.4275674625	-0.7280138545	0.962116815	-0.6728501116	1.389428195	0.07288753067	-1.3932644419999998	0.7211063248999999	-1.537119268	-0.5322536717	11582.275192424817	9374.821133681417
-0.0677773814	0.005690995999999999	0.05948662690000001	-0.0923522795	0.07505398320000001	0.17387949379999998	1.091911935	0.73806139	0.5490893141	1.099226001	-1.047014001	-1.5565727109999998	-1.951580754	1.186342065	-1.845358294	1.846467333	-0.3203662472	-0.1443855354	-0.6481306274	-0.45138052840000004	-1.847159868	-0.9058745037999999	-0.455126143	0.36577122289999997	-0.8068354999999999	11582.942378874748	9370.921483572498
-0.0686381031	0.0082147524	0.0565187138	-0.0915979471	0.078617579	0.947263843	0.9110099829	0.9793567590000001	-1.689796457	-0.00314601788	-1.066858152	-1.9417031130000002	-2.073145718	-0.4864791885	-0.43197899149999996	0.9426939210999999	0.4539698272	2.117406229	-1.608476802	-1.609453805	0.5679307726	-1.1414832879999999	0.1974443048	0.6043025178	-1.341919516	11634.30266546434	9415.938253107068
-0.0694861298	0.0107324316	0.0534567308	-0.0905726114	0.0818177889	1.6571768359999999	0.7241286801000001	0.6522561008	1.259208377	0.9846028151999999	0.45821640909999994	-0.3051080419	-1.0166955229999999	-0.9647371487	-1.3293356840000001	0.1995608314	0.1502167513	-0.7177963506	-0.9044801393999999	1.006823849	-0.8433999987	0.504834562	-0.28273701100000004	0.7184249754	1.013289823	11669.192157048052	9404.917302811304
-0.0703213046	0.013242171	0.0503057744	-0.08927930619999999	0.0846398209	1.473663433	0.5937922745	0.5850034907	-0.11227969089999999	-0.2688215276	-0.16827121239999998	-0.1116462677	1.764821912	0.8944190709000001	1.0456755009999998	-0.3760461322	2.0901671580000003	1.528978586	1.0145217640000002	0.22220597649999999	0.4991504665	0.8706501328	-0.15245533890000001	-1.018097484	0.5145862615	11733.898921187207	9403.871286904045
-0.071143473	0.015742113999999998	0.047071089	-0.08772185769999999	0.087070631	0.8674095740000001	0.4300246977	-0.09587546951999999	-0.2561803991	0.8917366665	0.5520865878	-0.1499685109	0.7098446915000001	-1.446615301	-0.37606824899999997	0.2475361103	0.9276781516	-2.175813464	1.0573622790000001	0.3225878684	-0.5804408602000001	0.8759304172	0.9698893592	0.6165282345	0.5833620102	11687.427889259912	9377.941893424351
-0.071952483	0.0182304111	0.0437580584	-0.08590487390000001	0.0890989834	0.5181303316	0.5930233109	1.0105964490000001	-0.9164534367	0.01009394556	-0.444564776	1.803442699	-0.730741199	0.3960853411	-0.36534294409999996	-0.7517794972	-0.45700647240000003	1.1907160890000001	-1.550088365	-1.17280457	-0.2087143806	0.2603134561	-0.04996501091	-0.6856719462	-1.36224029	11633.707957278015	9364.181706347186
-0.072748185	0.0207052216	0.0403721968	-0.08383373059999999	0.0907155029	0.11939454	0.7719100086	0.2899329809	0.7934833665000001	0.4179826554	0.6787279807	-1.2581426070000001	-0.21840397039999998	0.7254684032	-1.7920673630000001	1.712561085	-0.622555303	-0.4822389743	0.3181721515	0.9385205142	-1.242411834	-0.8238882606	1.2744945559999998	-1.032297025	-1.10914624	11597.822314846899	9357.452758477746
-0.0735304317	0.023164714500000003	0.0369191397	-0.0815145553	0.0919127174	0.4083823461	0.7720116503	0.8098339829000001	1.992741719	0.4588991214	-0.5508772093	-0.1144057547	-1.4502429030000001	-0.1611261111	0.7943864663	-0.7686653717	-0.5207830474	0.2908204297	0.6466728341	0.3929331429	0.2088966075	0.9061887026000001	-1.7155096999999997	-1.18740275	0.39919496549999994	11626.277683709255	9358.29702180261
-0.07429907849999999	0.0256070703	0.0334046344	-0.07895420980000001	0.0926850932	0.7633050717000001	0.7338699031	0.2476331991	0.6595643674	0.21804709390000002	-0.8971553814	-0.45756672810000004	0.5962127454999999	1.057016001	1.57169118	1.2918404890000001	0.3227276503	-1.9742080519999998	-0.43168299179999997	-0.1324583672	-0.5174675798	-1.335721219	-0.7755560565999999	0.03642467637	-1.77721418	11664.218455324892	9362.743706581849
-0.07505398320000001	0.0280304823	0.0298345303	-0.0761602691	0.0930290603	0.6458655421	1.368220096	1.420442248	-0.7409058034999999	0.9239542181	-0.0177155793	-0.8052483993999999	1.3593634159999999	0.6726644096	-0.02132352021	0.0581846929	1.321907479	0.8523554664	1.462619045	0.01953915619	-0.5706480412	-0.3720516231	-0.7524393587	-0.3943653246	0.9120051406999999	11633.436457152007	9374.98255940732
-0.0757950062	0.0304331576	0.0262147696	-0.0731409993	0.0929430287	0.7825423635	1.055313124	0.6366856681	-0.8602100226	0.6539184564	0.4555957918	-0.38183473490000003	-0.05800220636	-2.9143623830000003	-0.5353971187	2.05975806	0.3372590061	-1.474593186	0.9538893237	-0.0075659541	-0.8253872269	1.331445522	0.09182745267999999	-0.1037492223	0.1099898531	11655.032839539228	9376.016929343254
-0.0765220104	0.0328133187	0.022551377	-0.0699053334	0.0924273962	0.9657753155	0.8893589165000001	1.416902928	-1.022816606	0.9192081381999999	-0.3690030514	0.5445362112	-0.3236295929	-1.468122811	-0.8096144082	-0.9454268102	0.050932384739999996	0.7424845111	-2.232133236	-1.652621925	0.48390046950000004	0.08091893458999999	-0.8666174256	0.07725702068	-1.72410344	11689.894770796582	9391.914120750607
-0.0772348614	0.0351692048	0.0188504498	-0.0664628444	0.0914845461	1.108048	0.5596505464	0.7334239512	-0.7344067039	-0.09352787791000002	0.571815459	-1.936834699	-0.7392172912	0.3188381992	-1.272100585	1.264026429	-0.35296795560000005	-0.045956109239999994	-0.4427315652	0.9167213959999999	-0.32494352649999997	-0.5522271068	1.680145925	-1.3808835190000002	-1.934969685	11645.486105642007	9381.034731892225
-0.07793342730000001	0.037499073	0.0151181479	-0.0628237173	0.0901188363	1.338587705	0.9274409126000001	1.260007857	0.1719457052	1.233285272	-0.5739392650999999	-1.450757298	-1.770590186	0.6486603798	-0.4340017278	0.8159576531	-0.636795813	0.6771444174	-0.4492234357	0.005109433053	-0.64156308	-0.1865886427	-0.39024463130000003	0.1769293568	0.7658429451000001	11653.286149876092	9381.220556875842
-0.078617579	0.0398011998	0.0113606834	-0.05899871900000001	0.0883365796	1.7602559430000002	0.5034307536	0.09118758321	-1.258302608	0.7487534523	-1.9871191940000001	-2.337540083	-1.86537931	0.6381142969	-0.5258443174	2.120671631	-0.24702463030000002	-0.2144343296	-2.321710382	-1.95187097	-1.106121654	-0.6722963952	0.6999524304000001	-0.8434629603	-1.143134618	11674.615911012055	9394.453872434207
-0.0792871898	0.042073882	0.0075843101	-0.0549991661	0.0861460138	2.061555001	0.7333502341	1.559538206	0.8002102037000001	1.088015043	0.2117507756	-0.03892767409	-1.643270292	-0.2349002439	-0.6243742841	-0.350043764	-0.10859199550000001	1.6130894519999999	0.2534551886	0.6824959481999999	-0.6484207809	-0.6102978915	0.8805953676	0.08308634332	-1.4038020740000001	11730.974163096438	9403.460253989268
-0.079942136	0.0443154383	0.0037953135	-0.0508368917	0.0835572642	2.248105067	0.026402398230000002	0.046453892919999996	1.9301427580000001	-1.3596877059999999	2.086109828	-0.5250977076	0.7011788368999999	-0.5321709046	1.217162423	2.327593999	1.0848280890000002	0.5696379892	0.030208463639999995	0.8652629356	-0.5938853579	0.6766115162999999	1.070028599	-0.42773189270000006	0.45996430590000004	11778.982347057712	9406.353543435862
-0.0805822964	0.0465242105	0.0	-0.0465242105	0.0805822964	1.535106305	0.2550091761	0.9490525023999999	1.330008007	0.5794301135000001	1.80938023	1.388407924	1.192949603	0.6737428809	-0.5005203406000001	-1.377620586	3.226088643	-0.4456720242	0.34986750450000004	-0.28332587929999997	1.273042784	0.775867027	0.710150055	1.307910657	0.164648409	11793.876260736935	9401.808821771394
-0.0812075526	0.0486985645	-0.0037953135	-0.042073882	0.0772348614	-0.03765056744	0.20929328600000002	0.2355748197	-1.147385927	-1.4899985409999998	1.4845089530000002	0.5095150491	-0.5968868406000001	1.206210848	-0.01966922957	0.7701828967000001	-0.0712423503	1.113485713	1.669281367	-1.182255468	0.6946002868000001	2.042036429	1.865312742	-0.6903465215000001	-1.3960844430000001	11704.156870195942	9384.26700945514
-0.0818177889	0.0508368917	-0.0075843101	-0.037499073	0.0735304317	-0.9954953759999999	0.6722935240000001	0.8307546259999999	2.3507808740000002	0.08004812903	-0.1985180843	-0.4670192379	-0.1605663191	-0.08456791126	-0.8656170534000001	-0.5206172561	-0.8102818422	-1.071231258	-0.2334241856	0.6508433576	0.4318815427	0.6962949902	1.26345478	0.36860050619999996	0.9867593254000001	11626.050174179898	9359.398774827769
-0.0824128925	0.0529376103	-0.0113606834	-0.0328133187	0.0694861298	-1.3754433240000001	0.7156974561	0.37842774	0.8104237734	-0.9657363137999999	-1.533164112	-0.8258157822	1.246833673	1.941018885	0.2202524152	-0.03410198616000001	1.115781398	0.3712520883	1.76781507	-0.36102319439999997	-0.9620856545	0.8696673264	-0.4109475261	-1.7674650790000002	0.057722395610000005	11560.19096390919	9342.538627488311
-0.0829927534	0.0549991661	-0.0151181479	-0.0280304823	0.06512064940000001	-1.023418377	0.9155546625	0.44313376200000004	0.06861912585	0.3387024563	-1.2062666000000002	-1.0474510540000002	0.9842351761	-1.7138342309999999	-1.1651164809999999	0.1768957007	-0.25816598690000003	-1.941535015	1.042753648	-0.2302352281	0.9304471454000001	0.33384417899999996	-0.1010118404	0.4010202861	0.4676887704	11576.443184145037	9359.383669517303
-0.0835572642	0.057020034	-0.0188504498	-0.023164714500000003	0.0604541685	-0.7693110234999999	0.7921970253	0.4392223277	-0.6295034536	-0.8844497726	-0.2012811031	0.3471775864	-0.8486356920999999	-0.594346364	-1.815154019	-0.1447433438	-0.6064078479	0.1447198289	-0.4552425981	-2.9382482110000003	-0.936961355	-0.1471073851	-0.023441654559999997	-0.08977509967	-2.359137214	11604.820605206232	9346.144813371131
-0.08410632050000001	0.05899871900000001	-0.022551377	-0.0182304111	0.055508256500000006	-0.6727676356	1.627668015	1.4438209	1.176585126	1.1877024090000001	0.8192405937	-1.045555092	-0.4267216106	0.3601792062	-1.5147113769999998	1.25072693	-0.8637452609999999	-0.8161536443	0.6798435254999999	1.022127236	-0.349613726	-0.8126785104	1.145847831	1.4275856480000002	-0.2315121809	11609.713103263608	9373.34311311743
-0.0846398209	0.0609337573	-0.0262147696	-0.013242171	0.0503057744	0.02171737452	0.5916644714	-0.4416807261	1.973470489	-0.6797342628	-0.11090506630000001	0.7090714877	-0.2232095289	0.3893557437	1.334612457	-0.4892797155	-0.1867564115	-0.6921065191	0.4318083282	-0.3379305346	-0.4288407053	0.06564544996	-2.088053074	-1.9361254019999998	-0.7792714156	11689.723880890877	9359.080241531108
-0.0851576666	0.0628237173	-0.0298345303	-0.0082147524	0.0448707692	-0.48622456259999997	1.460063558	0.9803674332	0.7446616087000001	1.3186807870000001	-0.177281183	0.18792385600000003	1.590371484	1.175809592	1.246275655	1.6208603590000001	0.7200110987	-0.6395196758	-0.8746486112999999	-0.24368073920000002	-0.33830720979999995	-1.452974599	0.676509551	0.6996149198999999	0.2909961479	11675.396932622441	9387.54558532317
-0.08565976189999999	0.064667201	-0.0334046344	-0.0031630294	0.0392283624	0.2170496874	0.3298301406	0.03957816568	-0.2081153824	-0.9231498551	0.45113445609999997	0.7963464715999999	1.681044156	1.323654881	0.4389803922	-1.302505475	1.370771151	-0.5463921913	1.627222257	0.0569027466	0.9799798876000001	0.7914490798999999	-1.667608881	-1.754542089	0.4789495335	11730.407209498908	9394.733213170117
-0.0861460138	0.0664628444	-0.0369191397	0.0018980517	0.0334046344	-0.001088640543	1.272991122	1.7251820009999999	-1.5367542930000002	1.6403074	1.8080016769999998	2.054182242	0.491976497	-0.1094938939	0.04960003857	1.289421365	0.6530032995	0.05457603841	-0.03000884728	0.6744487939	-0.658296033	0.1643188009	1.36992984	0.6622523302000001	-0.48332032140000003	11748.695153021044	9383.02091017064
-0.0866163325	0.0682093192	-0.0403721968	0.006953517199999999	0.0274265036	-0.10867177970000001	-0.1601462816	0.4478878274	0.7506621804000001	-1.485123124	1.2404811690000002	0.7390971507999999	0.4157019517	0.3128535992	-1.473132796	-0.5621278263	-1.236447975	0.3301540979	-0.6059911435	1.085909202	1.5544890340000002	0.09802111238	-0.49512623710000003	-1.8837542369999998	0.014381222580000002	11734.464868032805	9374.72740166854
-0.087070631	0.0699053334	-0.0437580584	0.0119884099	0.0213216021	-1.028231527	1.092978796	1.273650116	1.115227802	1.226077031	-0.09089485735	-0.041509486469999995	1.313431864	0.8407274056999999	2.277480408	0.9633885907999999	0.5140470258	0.26983147820000003	1.255221926	-0.3213709557	-1.351104487	-1.181391434	0.048648439280000004	-0.37537300009999996	-1.241302075	11624.465785529024	9356.802072863904
-0.0875088252	0.07154963219999999	-0.047071089	0.016987833600000002	0.0151181479	-0.692413895	0.1373399431	0.01515974064	-0.6093260734	-1.328630633	-0.4020544238	-0.8171224056999999	1.173258382	-0.09860835301000001	-0.07024474954	-0.6878872073000001	0.2980119029	-0.2923601639	0.8953583942	-0.7204877440999999	0.9268595715000001	-1.570624622	-1.2994101040000001	-2.214311972	1.339911434	11626.654103268858	9355.806539897105
-0.08793083410000001	0.0731409993	-0.0503057744	0.0219369967	0.0088448147	-0.8259879008	1.339213562	1.4917561719999999	-0.9941212526000001	1.330002698	-0.16106057769999998	1.4361359280000001	-0.7659545462999999	-2.129067033	-0.6969482842	1.136014047	-0.11321395880000001	-0.3467545958	0.05729391437000001	-1.486219253	-1.792756934	1.119928072	-0.33761641670000003	-0.1860795204	-1.069245761	11654.2960953251	9344.314072489771
-0.0883365796	0.0746782574	-0.0534567308	0.0268212567	0.0025305991	-0.20740629	0.8454387525	0.9148901566	-0.9097128476999999	0.06762009539	0.1469571158	-1.235204601	0.1461188177	-0.3783088937	-0.5826764697	0.2507289772	-0.7663946445	0.9433443943	-1.866354621	-2.493420289	1.059169204	-0.8418691905	1.45453706	-1.414450275	-1.114212156	11638.823504704302	9376.93847047455
-0.0887259867	0.0761602691	-0.0565187138	0.0316261628	-0.0037953135	0.2673904718	0.43206550829999996	0.6452908829	1.319339488	-0.2377323232	0.0201560651	-1.048621054	-1.5761987640000001	-0.7889273284999999	-0.8375280570999999	1.338093527	-0.4225507284	-0.4470955346	0.2610481198	0.7158173365	0.3248874326	1.021079471	-0.2926144918	-0.7902840742	0.19251519179999999	11696.085539130754	9380.503396107475
-0.0890989834	0.0775859381	-0.05948662690000001	0.0363374993	-0.0101036834	0.9443621751000001	-0.4139422265	0.7013184298999999	1.084925208	-0.7270395725	-1.5858255680000002	-0.05713783943	0.8212367504000001	0.6989273778	0.8846414486	0.1064241721	0.022478080930000005	-1.181475008	-1.070864167	-0.2238440397	1.6194014140000002	-1.351746383	-1.628240344	-0.501690215	-1.288757143	11705.650162235383	9383.702210700623
-0.08945550070000001	0.07895420980000001	-0.0623555305	0.0409413271	-0.0163653521	0.7771409747	0.18917153960000002	1.4166288319999998	-0.6509470192	0.46070373950000004	-1.286714359	-0.6906567709999999	0.771576712	0.8305441346	-0.25315602260000003	1.068368861	0.8669888641	-0.08849192743999999	1.979048713	-0.9547711398000001	-0.5440772056000001	-0.9220529259	0.3292108252	-0.1885471028	0.9254646378	11658.405291813677	9373.997801696656
-0.0897954726	0.0802640719	-0.06512064940000001	0.0454240252	-0.022551377	1.3479659290000001	-0.3463230328	0.5706527664	-0.7794473851	-0.7653768645	-2.2370653	-1.4204325969999998	1.4418636459999998	0.1160949124	-0.6674060077	0.5286754276	0.2625041448	-0.6254049386	1.124797458	-1.0022127440000002	0.9011151540000001	-1.19940766	-0.6595166537	-1.167549324	1.0000854609999998	11678.813765330979	9394.946429223708
-0.0901188363	0.0815145553	-0.0677773814	0.049772331	-0.0286331649	1.266348034	0.8819645631	1.161761192	-0.9324332487	1.0193509029999999	-0.6572921202	-1.1819044840000001	0.1722568087	-2.134732113	-1.169837227	0.1875953598	0.8269666442	0.8576422635	2.543717505	-1.2331891659999998	-1.9648273490000001	0.2687014922	0.1397160187	0.722058504	1.031555269	11667.464530042424	9383.124170516834
-0.090425532	0.0827047351	-0.0703213046	0.0539733795	-0.034582604700000005	1.9298826569999998	0.8364081420999999	0.9340187095	-1.438780521	0.41525351509999997	-0.6529430617	1.259989208	0.027492206339999995	-2.1298700409999998	-1.038222775	0.5543658799	-0.9381576317	-0.7670753776000001	-0.7844528048999999	-1.41271186	0.2251393807	0.8694924975	-0.9288091062	-1.503680735	-0.3849082025	11719.914365050612	9404.977782995582
-0.0907155029	0.08383373059999999	-0.072748185	0.0580147416	-0.0403721968	1.5316557119999998	0.41560470340000005	1.419862425	-0.33232145620000003	0.9932803059	0.2057441675	-1.210970411	0.2341920352	0.7780262255	-0.9936140803	0.1478125226	-0.7216320594	0.40247564189999996	-0.2053636288	0.042302443960000005	-2.4521155169999997	0.01057354142	1.62908779	-1.681185832	-2.184926956	11653.631058231476	9371.233798996927
-0.0909886953	0.0849007066	-0.07505398320000001	0.0618844603	-0.0459751808	1.70916106	0.78109519	1.500183716	0.6909107489	0.453821297	-0.5366127014000001	-0.8762975296	-0.8800221771	0.6762943775	-0.1946018239	0.4524419287	-1.210832857	-1.06594332	0.727080327	0.09552394767000001	0.3345662197	-0.4686952693	0.2567839372	0.1738089218	1.214117504	11644.631970477361	9404.770123579847
-0.0912450589	0.08590487390000001	-0.0772348614	0.0655710866	-0.0513656584	2.169100436	0.5028608285	0.08948820779	1.193428647	1.102599988	-1.1317581079999999	-0.3330855677	-0.8943719967	0.1166600701	1.529599572	-1.18547199	-1.4904711819999998	-0.8548273851	-0.4359623145	0.26837143210000003	-1.350523472	-0.13266182740000002	-1.953230414	-0.9247432627	0.1536611091	11681.699551490045	9372.1293784812
-0.0914845461	0.0868454896	-0.0792871898	0.0690637132	-0.0565187138	1.969326481	0.8379696437	0.2442369516	-0.19368502989999997	2.659541672	-1.581414479	-0.8177967879000001	0.4226108771	1.339849904	0.6983438359999999	2.442641186	-1.831150159	1.979584191	-0.2940791278	-0.1297831134	-1.1033426990000001	0.39092011320000003	-0.7001121869	-0.3097882056	0.2594177688	11673.969404979422	9395.141068866893
-0.0917071126	0.08772185769999999	-0.0812075526	0.0723520068	-0.0614105286	2.349448731	0.15920576460000002	-0.5002457889	-0.1754608192	3.095637635	0.3010172891	-0.2825095233	-0.295742737	0.1189142379	-0.6435456712	-0.494677107	-1.461180199	1.150477488	-0.1778611647	-0.1620793671	-0.111461634	-0.32927281010000004	0.9108850211	-1.5976384959999999	-1.019700294	11755.23930047148	9416.436163556647
-0.0919127174	0.08853333	-0.0829927534	0.07542623849999999	-0.0660184918	2.287032175	-0.3529112763	0.3303589057	2.07156445	2.09976479	3.204226123	0.18627280420000003	0.7223617204999999	-1.4060136630000002	0.9078476928	1.017674706	-0.06767414588	3.5644240560000005	0.6457682502000001	1.4353296169999998	0.6328812973	1.519038301	0.4052366971	-0.6332849302	0.9194437247	11856.757303873695	9417.102270500896
-0.0921013223	0.08927930619999999	-0.0846398209	0.0782773129	-0.0703213046	1.633974298	-0.48016115119999997	0.37007417530000003	0.8297485084999999	1.280470878	2.220064174	1.384697815	1.789330008	0.42200581049999997	0.7468436691	-0.2441241615	2.45706199	-0.029542701129999998	1.075987133	1.313290564	0.6648149261999999	2.440917018	1.4022453240000001	-1.115886301	-0.6598615247	11820.723603935652	9407.613317777701
-0.0922728925	0.0899592343	-0.0861460138	0.0808967948	-0.07429907849999999	0.3080534166	0.4723732898	0.6866142169	-0.6851638784	1.632437525	1.856496203	2.225529754	0.30408719510000004	0.1415020875	0.081204215	0.7896492529000001	2.035017659	0.9035139815000001	0.5248263216	1.826747736	1.050579521	1.732432369	3.2352207639999997	-0.7991798666	0.35769606740000004	11761.039241011424	9387.28074622215
-0.0924273962	0.0905726114	-0.0875088252	0.0832769341	-0.07793342730000001	-1.176774082	0.021092218500000003	0.7069834886	1.066209913	0.7664139098	0.4528650561	1.332070907	0.7840848516	0.9214434036	-2.406145202	0.6718917944	-0.9435729698	-0.11658841140000001	0.07370136638	0.9775590959999999	0.8674237579999999	0.9705607212999999	0.4000256369	-0.7240085444	-0.7184045837	11655.39563578944	9372.342054090881
-0.0925648049	0.0911189838	-0.0887259867	0.0854106889	-0.0812075526	-2.081242273	0.6728733645	1.046456834	1.702679487	1.057065282	-1.092805944	-0.28075949699999997	1.278197692	0.1940822897	1.515264058	0.4508559386	0.5489298482	0.34925575490000005	2.217279686	0.4931434979	0.6287814925	0.18737853699999998	0.8890226696	-1.0517930070000001	-1.429268503	11585.46835294334	9354.259511591456
-0.0926850932	0.0915979471	-0.0897954726	0.08729174619999999	-0.08410632050000001	-2.1729904380000002	-0.1492381593	-0.19461451719999998	0.0992482674	-0.5005793299	-1.7122844780000002	-0.5207609373	1.075791765	-1.314623934	-0.3316955184	-1.174672855	-0.08432066478	-0.6236183927000001	0.2340070504	0.21889930289999998	1.6718422569999998	-0.3575524015	-0.07784408083	-1.685798465	0.7816872452	11570.64569485572	9342.352400976728
-0.0927882388	0.0920091471	-0.0907155029	0.0889145408	-0.0866163325	-2.561685735	0.5560982807	1.227747577	0.5871682099000001	1.6063668180000001	-1.5806066559999998	1.7928783830000001	-0.2774918203	-0.7851628719	-0.4718827185	1.341346744	-0.8032273569	0.6577970132000001	-0.5726913669	-1.634330375	-0.8892454884000001	0.02873974113	0.1677010174	-0.3572316733	-0.3969546331	11526.606975596438	9331.198535792717
-0.0928742226	0.0923522795	-0.0914845461	0.0902742713	-0.0887259867	-2.183597061	0.2201916157	0.2608505523	-0.1227300418	1.4167789569999998	-1.065410586	-0.31252729739999996	0.5785178775	-1.676871666	-0.5640123399	0.9988193227	0.060108613820000004	1.13984956	-0.31722472960000003	-0.3428253081	1.7773413519999999	0.7992256406999999	0.544240369	-1.033975429	-0.16806348710000002	11594.366869198378	9372.750780641203
-0.0929430287	0.0926270906	-0.0921013223	0.0913669149	-0.090425532	-1.300857277	0.39621397979999995	0.09074847530999999	-0.08365075226	2.7409078589999996	0.655478917	1.885387335	-0.3921912433	0.053401416339999994	-0.37638356590000005	2.0066476559999997	-1.395758148	1.242557943	0.2672080452	-1.03583328	0.6294861877000001	0.4302145822	0.10077703539999999	-0.5593121793	-1.77954464	11681.500351116221	9386.522201369455
-0.0929946445	0.092833377	-0.0925648049	0.0921892388	-0.0917071126	-0.9143996683	-0.1652886392	-0.08775558715	-1.4918721590000001	1.956097475	1.044771588	-0.12113322130000001	0.2825696873	0.3956563628	-0.5349271690999999	0.2438516773	-1.71550712	0.7198162506999999	-0.23166257629999998	0.3126283951	3.1775016	-2.051661165	1.6832058159999999	-2.174447738	0.4133810637	11729.903338688677	9413.964766267
-0.0930290603	0.0929709861	-0.0928742226	0.0927388101	-0.0925648049	-1.060162581	-1.047100634	0.09830728666	-0.6973991195	0.7579465187000001	0.8511526685999999	1.6137757130000001	-0.18336017429999998	0.163880167	-0.1249463472	0.5485328547999999	-1.098700411	1.5806530540000001	0.151317366	-1.359401675	1.361550049	-0.5926064804	0.6166993456000001	-2.5142794619999997	0.04751394448	11747.313303957704	9392.6909129877
-0.0930462698	0.0930398161	-0.0930290603	0.0930140029	-0.0929946445	-0.7039224412	-0.2738606749	-0.06265810126	-1.1028966999999998	2.470738134	0.8407111179000001	1.159556348	0.11366810000000001	-0.38108347579999996	0.5038855861	0.7935996197	-0.7257643270999999	0.36734776950000003	-0.3515821236	0.5044025494	2.128331121	0.2316361653	0.8807416914	-1.369016396	-0.002914447045	11802.2720179404	9391.217724872264
